--
-- PostgreSQL database dump
--

-- Dumped from database version 14.13 (Ubuntu 14.13-0ubuntu0.22.04.1)
-- Dumped by pg_dump version 14.13 (Ubuntu 14.13-0ubuntu0.22.04.1)

SET statement_timeout = 0;
SET lock_timeout = 0;
SET idle_in_transaction_session_timeout = 0;
SET client_encoding = 'UTF8';
SET standard_conforming_strings = on;
SELECT pg_catalog.set_config('search_path', '', false);
SET check_function_bodies = false;
SET xmloption = content;
SET client_min_messages = warning;
SET row_security = off;

--
-- Name: bıgınt; Type: DOMAIN; Schema: public; Owner: jbedbtdev
--

CREATE DOMAIN public."bıgınt" AS bigint;


ALTER DOMAIN public."bıgınt" OWNER TO jbedbtdev;

--
-- Name: mpaa_rating; Type: TYPE; Schema: public; Owner: jbedbtdev
--

CREATE TYPE public.mpaa_rating AS ENUM (
    'G',
    'PG',
    'PG-13',
    'R',
    'NC-17'
);


ALTER TYPE public.mpaa_rating OWNER TO jbedbtdev;

--
-- Name: year; Type: DOMAIN; Schema: public; Owner: jbedbtdev
--

CREATE DOMAIN public.year AS integer
	CONSTRAINT year_check CHECK (((VALUE >= 1901) AND (VALUE <= 2155)));


ALTER DOMAIN public.year OWNER TO jbedbtdev;

--
-- Name: _group_concat(text, text); Type: FUNCTION; Schema: public; Owner: jbedbtdev
--

CREATE FUNCTION public._group_concat(text, text) RETURNS text
    LANGUAGE sql IMMUTABLE
    AS $_$
SELECT CASE
  WHEN $2 IS NULL THEN $1
  WHEN $1 IS NULL THEN $2
  ELSE $1 || ', ' || $2
END
$_$;


ALTER FUNCTION public._group_concat(text, text) OWNER TO jbedbtdev;

--
-- Name: film_in_stock(integer, integer); Type: FUNCTION; Schema: public; Owner: jbedbtdev
--

CREATE FUNCTION public.film_in_stock(p_film_id integer, p_store_id integer, OUT p_film_count integer) RETURNS SETOF integer
    LANGUAGE sql
    AS $_$
     SELECT inventory_id
     FROM inventory
     WHERE film_id = $1
     AND store_id = $2
     AND inventory_in_stock(inventory_id);
$_$;


ALTER FUNCTION public.film_in_stock(p_film_id integer, p_store_id integer, OUT p_film_count integer) OWNER TO jbedbtdev;

--
-- Name: film_not_in_stock(integer, integer); Type: FUNCTION; Schema: public; Owner: jbedbtdev
--

CREATE FUNCTION public.film_not_in_stock(p_film_id integer, p_store_id integer, OUT p_film_count integer) RETURNS SETOF integer
    LANGUAGE sql
    AS $_$
    SELECT inventory_id
    FROM inventory
    WHERE film_id = $1
    AND store_id = $2
    AND NOT inventory_in_stock(inventory_id);
$_$;


ALTER FUNCTION public.film_not_in_stock(p_film_id integer, p_store_id integer, OUT p_film_count integer) OWNER TO jbedbtdev;

--
-- Name: get_customer_balance(integer, timestamp with time zone); Type: FUNCTION; Schema: public; Owner: jbedbtdev
--

CREATE FUNCTION public.get_customer_balance(p_customer_id integer, p_effective_date timestamp with time zone) RETURNS numeric
    LANGUAGE plpgsql
    AS $$
       --#OK, WE NEED TO CALCULATE THE CURRENT BALANCE GIVEN A CUSTOMER_ID AND A DATE
       --#THAT WE WANT THE BALANCE TO BE EFFECTIVE FOR. THE BALANCE IS:
       --#   1) RENTAL FEES FOR ALL PREVIOUS RENTALS
       --#   2) ONE DOLLAR FOR EVERY DAY THE PREVIOUS RENTALS ARE OVERDUE
       --#   3) IF A FILM IS MORE THAN RENTAL_DURATION * 2 OVERDUE, CHARGE THE REPLACEMENT_COST
       --#   4) SUBTRACT ALL PAYMENTS MADE BEFORE THE DATE SPECIFIED
DECLARE
    v_rentfees DECIMAL(5,2); --#FEES PAID TO RENT THE VIDEOS INITIALLY
    v_overfees INTEGER;      --#LATE FEES FOR PRIOR RENTALS
    v_payments DECIMAL(5,2); --#SUM OF PAYMENTS MADE PREVIOUSLY
BEGIN
    SELECT COALESCE(SUM(film.rental_rate),0) INTO v_rentfees
    FROM film, inventory, rental
    WHERE film.film_id = inventory.film_id
      AND inventory.inventory_id = rental.inventory_id
      AND rental.rental_date <= p_effective_date
      AND rental.customer_id = p_customer_id;

    SELECT COALESCE(SUM(IF((rental.return_date - rental.rental_date) > (film.rental_duration * '1 day'::interval),
        ((rental.return_date - rental.rental_date) - (film.rental_duration * '1 day'::interval)),0)),0) INTO v_overfees
    FROM rental, inventory, film
    WHERE film.film_id = inventory.film_id
      AND inventory.inventory_id = rental.inventory_id
      AND rental.rental_date <= p_effective_date
      AND rental.customer_id = p_customer_id;

    SELECT COALESCE(SUM(payment.amount),0) INTO v_payments
    FROM payment
    WHERE payment.payment_date <= p_effective_date
    AND payment.customer_id = p_customer_id;

    RETURN v_rentfees + v_overfees - v_payments;
END
$$;


ALTER FUNCTION public.get_customer_balance(p_customer_id integer, p_effective_date timestamp with time zone) OWNER TO jbedbtdev;

--
-- Name: inventory_held_by_customer(integer); Type: FUNCTION; Schema: public; Owner: jbedbtdev
--

CREATE FUNCTION public.inventory_held_by_customer(p_inventory_id integer) RETURNS integer
    LANGUAGE plpgsql
    AS $$
DECLARE
    v_customer_id INTEGER;
BEGIN

  SELECT customer_id INTO v_customer_id
  FROM rental
  WHERE return_date IS NULL
  AND inventory_id = p_inventory_id;

  RETURN v_customer_id;
END $$;


ALTER FUNCTION public.inventory_held_by_customer(p_inventory_id integer) OWNER TO jbedbtdev;

--
-- Name: inventory_in_stock(integer); Type: FUNCTION; Schema: public; Owner: jbedbtdev
--

CREATE FUNCTION public.inventory_in_stock(p_inventory_id integer) RETURNS boolean
    LANGUAGE plpgsql
    AS $$
DECLARE
    v_rentals INTEGER;
    v_out     INTEGER;
BEGIN
    -- AN ITEM IS IN-STOCK IF THERE ARE EITHER NO ROWS IN THE rental TABLE
    -- FOR THE ITEM OR ALL ROWS HAVE return_date POPULATED

    SELECT count(*) INTO v_rentals
    FROM rental
    WHERE inventory_id = p_inventory_id;

    IF v_rentals = 0 THEN
      RETURN TRUE;
    END IF;

    SELECT COUNT(rental_id) INTO v_out
    FROM inventory LEFT JOIN rental USING(inventory_id)
    WHERE inventory.inventory_id = p_inventory_id
    AND rental.return_date IS NULL;

    IF v_out > 0 THEN
      RETURN FALSE;
    ELSE
      RETURN TRUE;
    END IF;
END $$;


ALTER FUNCTION public.inventory_in_stock(p_inventory_id integer) OWNER TO jbedbtdev;

--
-- Name: last_day(timestamp with time zone); Type: FUNCTION; Schema: public; Owner: jbedbtdev
--

CREATE FUNCTION public.last_day(timestamp with time zone) RETURNS date
    LANGUAGE sql IMMUTABLE STRICT
    AS $_$
  SELECT CASE
    WHEN EXTRACT(MONTH FROM $1) = 12 THEN
      (((EXTRACT(YEAR FROM $1) + 1) operator(pg_catalog.||) '-01-01')::date - INTERVAL '1 day')::date
    ELSE
      ((EXTRACT(YEAR FROM $1) operator(pg_catalog.||) '-' operator(pg_catalog.||) (EXTRACT(MONTH FROM $1) + 1) operator(pg_catalog.||) '-01')::date - INTERVAL '1 day')::date
    END
$_$;


ALTER FUNCTION public.last_day(timestamp with time zone) OWNER TO jbedbtdev;

--
-- Name: last_updated(); Type: FUNCTION; Schema: public; Owner: jbedbtdev
--

CREATE FUNCTION public.last_updated() RETURNS trigger
    LANGUAGE plpgsql
    AS $$
BEGIN
    NEW.last_update = CURRENT_TIMESTAMP;
    RETURN NEW;
END $$;


ALTER FUNCTION public.last_updated() OWNER TO jbedbtdev;

--
-- Name: group_concat(text); Type: AGGREGATE; Schema: public; Owner: jbedbtdev
--

CREATE AGGREGATE public.group_concat(text) (
    SFUNC = public._group_concat,
    STYPE = text
);


ALTER AGGREGATE public.group_concat(text) OWNER TO jbedbtdev;

--
-- Name: actor_actor_id_seq; Type: SEQUENCE; Schema: public; Owner: jbedbtdev
--

CREATE SEQUENCE public.actor_actor_id_seq
    START WITH 1
    INCREMENT BY 1
    NO MINVALUE
    NO MAXVALUE
    CACHE 1;


ALTER TABLE public.actor_actor_id_seq OWNER TO jbedbtdev;

--
-- Name: address_address_id_seq; Type: SEQUENCE; Schema: public; Owner: jbedbtdev
--

CREATE SEQUENCE public.address_address_id_seq
    START WITH 1
    INCREMENT BY 1
    NO MINVALUE
    NO MAXVALUE
    CACHE 1;


ALTER TABLE public.address_address_id_seq OWNER TO jbedbtdev;

--
-- Name: category_category_id_seq; Type: SEQUENCE; Schema: public; Owner: jbedbtdev
--

CREATE SEQUENCE public.category_category_id_seq
    START WITH 1
    INCREMENT BY 1
    NO MINVALUE
    NO MAXVALUE
    CACHE 1;


ALTER TABLE public.category_category_id_seq OWNER TO jbedbtdev;

--
-- Name: city_city_id_seq; Type: SEQUENCE; Schema: public; Owner: jbedbtdev
--

CREATE SEQUENCE public.city_city_id_seq
    START WITH 1
    INCREMENT BY 1
    NO MINVALUE
    NO MAXVALUE
    CACHE 1;


ALTER TABLE public.city_city_id_seq OWNER TO jbedbtdev;

--
-- Name: country_country_id_seq; Type: SEQUENCE; Schema: public; Owner: jbedbtdev
--

CREATE SEQUENCE public.country_country_id_seq
    START WITH 1
    INCREMENT BY 1
    NO MINVALUE
    NO MAXVALUE
    CACHE 1;


ALTER TABLE public.country_country_id_seq OWNER TO jbedbtdev;

--
-- Name: customer_customer_id_seq; Type: SEQUENCE; Schema: public; Owner: jbedbtdev
--

CREATE SEQUENCE public.customer_customer_id_seq
    START WITH 1
    INCREMENT BY 1
    NO MINVALUE
    NO MAXVALUE
    CACHE 1;


ALTER TABLE public.customer_customer_id_seq OWNER TO jbedbtdev;

--
-- Name: film_film_id_seq; Type: SEQUENCE; Schema: public; Owner: jbedbtdev
--

CREATE SEQUENCE public.film_film_id_seq
    START WITH 1
    INCREMENT BY 1
    NO MINVALUE
    NO MAXVALUE
    CACHE 1;


ALTER TABLE public.film_film_id_seq OWNER TO jbedbtdev;

SET default_tablespace = '';

SET default_table_access_method = heap;

--
-- Name: film; Type: TABLE; Schema: public; Owner: jbedbtdev
--

CREATE TABLE public.film (
    film_id integer DEFAULT nextval('public.film_film_id_seq'::regclass) NOT NULL,
    title text NOT NULL
);


ALTER TABLE public.film OWNER TO jbedbtdev;

--
-- Name: inventory_inventory_id_seq; Type: SEQUENCE; Schema: public; Owner: jbedbtdev
--

CREATE SEQUENCE public.inventory_inventory_id_seq
    START WITH 1
    INCREMENT BY 1
    NO MINVALUE
    NO MAXVALUE
    CACHE 1;


ALTER TABLE public.inventory_inventory_id_seq OWNER TO jbedbtdev;

--
-- Name: inventory; Type: TABLE; Schema: public; Owner: jbedbtdev
--

CREATE TABLE public.inventory (
    inventory_id integer DEFAULT nextval('public.inventory_inventory_id_seq'::regclass) NOT NULL,
    film_id integer NOT NULL,
    store_id integer NOT NULL
);


ALTER TABLE public.inventory OWNER TO jbedbtdev;

--
-- Name: language_language_id_seq; Type: SEQUENCE; Schema: public; Owner: jbedbtdev
--

CREATE SEQUENCE public.language_language_id_seq
    START WITH 1
    INCREMENT BY 1
    NO MINVALUE
    NO MAXVALUE
    CACHE 1;


ALTER TABLE public.language_language_id_seq OWNER TO jbedbtdev;

--
-- Name: payment_payment_id_seq; Type: SEQUENCE; Schema: public; Owner: jbedbtdev
--

CREATE SEQUENCE public.payment_payment_id_seq
    START WITH 1
    INCREMENT BY 1
    NO MINVALUE
    NO MAXVALUE
    CACHE 1;


ALTER TABLE public.payment_payment_id_seq OWNER TO jbedbtdev;

--
-- Name: rental_rental_id_seq; Type: SEQUENCE; Schema: public; Owner: jbedbtdev
--

CREATE SEQUENCE public.rental_rental_id_seq
    START WITH 1
    INCREMENT BY 1
    NO MINVALUE
    NO MAXVALUE
    CACHE 1;


ALTER TABLE public.rental_rental_id_seq OWNER TO jbedbtdev;

--
-- Name: rental; Type: TABLE; Schema: public; Owner: jbedbtdev
--

CREATE TABLE public.rental (
    rental_id integer DEFAULT nextval('public.rental_rental_id_seq'::regclass) NOT NULL,
    inventory_id integer NOT NULL
);


ALTER TABLE public.rental OWNER TO jbedbtdev;

--
-- Name: staff_staff_id_seq; Type: SEQUENCE; Schema: public; Owner: jbedbtdev
--

CREATE SEQUENCE public.staff_staff_id_seq
    START WITH 1
    INCREMENT BY 1
    NO MINVALUE
    NO MAXVALUE
    CACHE 1;


ALTER TABLE public.staff_staff_id_seq OWNER TO jbedbtdev;

--
-- Name: store_store_id_seq; Type: SEQUENCE; Schema: public; Owner: jbedbtdev
--

CREATE SEQUENCE public.store_store_id_seq
    START WITH 1
    INCREMENT BY 1
    NO MINVALUE
    NO MAXVALUE
    CACHE 1;


ALTER TABLE public.store_store_id_seq OWNER TO jbedbtdev;

--
-- Name: store; Type: TABLE; Schema: public; Owner: jbedbtdev
--

CREATE TABLE public.store (
    store_id integer DEFAULT nextval('public.store_store_id_seq'::regclass) NOT NULL
);


ALTER TABLE public.store OWNER TO jbedbtdev;

--
-- Data for Name: film; Type: TABLE DATA; Schema: public; Owner: jbedbtdev
--

COPY public.film (film_id, title) FROM stdin;
1	ACADEMY DINOSAUR
2	ACE GOLDFINGER
3	ADAPTATION HOLES
4	AFFAIR PREJUDICE
5	AFRICAN EGG
6	AGENT TRUMAN
7	AIRPLANE SIERRA
8	AIRPORT POLLOCK
9	ALABAMA DEVIL
10	ALADDIN CALENDAR
11	ALAMO VIDEOTAPE
12	ALASKA PHANTOM
213	DATE SPEED
13	ALI FOREVER
14	ALICE FANTASIA
15	ALIEN CENTER
16	ALLEY EVOLUTION
17	ALONE TRIP
18	ALTER VICTORY
19	AMADEUS HOLY
20	AMELIE HELLFIGHTERS
21	AMERICAN CIRCUS
22	AMISTAD MIDSUMMER
23	ANACONDA CONFESSIONS
24	ANALYZE HOOSIERS
25	ANGELS LIFE
26	ANNIE IDENTITY
27	ANONYMOUS HUMAN
28	ANTHEM LUKE
29	ANTITRUST TOMATOES
30	ANYTHING SAVANNAH
31	APACHE DIVINE
32	APOCALYPSE FLAMINGOS
33	APOLLO TEEN
34	ARABIA DOGMA
35	ARACHNOPHOBIA ROLLERCOASTER
36	ARGONAUTS TOWN
37	ARIZONA BANG
38	ARK RIDGEMONT
39	ARMAGEDDON LOST
40	ARMY FLINTSTONES
41	ARSENIC INDEPENDENCE
42	ARTIST COLDBLOODED
43	ATLANTIS CAUSE
44	ATTACKS HATE
45	ATTRACTION NEWTON
46	AUTUMN CROW
47	BABY HALL
48	BACKLASH UNDEFEATED
49	BADMAN DAWN
50	BAKED CLEOPATRA
51	BALLOON HOMEWARD
52	BALLROOM MOCKINGBIRD
53	BANG KWAI
54	BANGER PINOCCHIO
55	BARBARELLA STREETCAR
56	BAREFOOT MANCHURIAN
57	BASIC EASY
58	BEACH HEARTBREAKERS
59	BEAR GRACELAND
60	BEAST HUNCHBACK
61	BEAUTY GREASE
62	BED HIGHBALL
63	BEDAZZLED MARRIED
64	BEETHOVEN EXORCIST
65	BEHAVIOR RUNAWAY
66	BENEATH RUSH
67	BERETS AGENT
68	BETRAYED REAR
69	BEVERLY OUTLAW
70	BIKINI BORROWERS
71	BILKO ANONYMOUS
72	BILL OTHERS
73	BINGO TALENTED
74	BIRCH ANTITRUST
75	BIRD INDEPENDENCE
76	BIRDCAGE CASPER
77	BIRDS PERDITION
78	BLACKOUT PRIVATE
79	BLADE POLISH
80	BLANKET BEVERLY
81	BLINDNESS GUN
82	BLOOD ARGONAUTS
83	BLUES INSTINCT
84	BOILED DARES
85	BONNIE HOLOCAUST
86	BOOGIE AMELIE
87	BOONDOCK BALLROOM
88	BORN SPINAL
89	BORROWERS BEDAZZLED
90	BOULEVARD MOB
91	BOUND CHEAPER
92	BOWFINGER GABLES
93	BRANNIGAN SUNRISE
94	BRAVEHEART HUMAN
95	BREAKFAST GOLDFINGER
96	BREAKING HOME
97	BRIDE INTRIGUE
98	BRIGHT ENCOUNTERS
99	BRINGING HYSTERICAL
100	BROOKLYN DESERT
101	BROTHERHOOD BLANKET
102	BUBBLE GROSSE
103	BUCKET BROTHERHOOD
104	BUGSY SONG
105	BULL SHAWSHANK
106	BULWORTH COMMANDMENTS
107	BUNCH MINDS
108	BUTCH PANTHER
109	BUTTERFLY CHOCOLAT
110	CABIN FLASH
111	CADDYSHACK JEDI
112	CALENDAR GUNFIGHT
113	CALIFORNIA BIRDS
114	CAMELOT VACATION
115	CAMPUS REMEMBER
116	CANDIDATE PERDITION
117	CANDLES GRAPES
118	CANYON STOCK
119	CAPER MOTIONS
120	CARIBBEAN LIBERTY
121	CAROL TEXAS
122	CARRIE BUNCH
123	CASABLANCA SUPER
124	CASPER DRAGONFLY
125	CASSIDY WYOMING
126	CASUALTIES ENCINO
127	CAT CONEHEADS
128	CATCH AMISTAD
129	CAUSE DATE
130	CELEBRITY HORN
131	CENTER DINOSAUR
132	CHAINSAW UPTOWN
133	CHAMBER ITALIAN
134	CHAMPION FLATLINERS
135	CHANCE RESURRECTION
136	CHAPLIN LICENSE
137	CHARADE DUFFEL
138	CHARIOTS CONSPIRACY
139	CHASING FIGHT
140	CHEAPER CLYDE
141	CHICAGO NORTH
142	CHICKEN HELLFIGHTERS
143	CHILL LUCK
144	CHINATOWN GLADIATOR
145	CHISUM BEHAVIOR
146	CHITTY LOCK
147	CHOCOLAT HARRY
148	CHOCOLATE DUCK
149	CHRISTMAS MOONSHINE
150	CIDER DESIRE
151	CINCINATTI WHISPERER
152	CIRCUS YOUTH
153	CITIZEN SHREK
154	CLASH FREDDY
155	CLEOPATRA DEVIL
156	CLERKS ANGELS
157	CLOCKWORK PARADISE
158	CLONES PINOCCHIO
159	CLOSER BANG
160	CLUB GRAFFITI
161	CLUE GRAIL
162	CLUELESS BUCKET
163	CLYDE THEORY
164	COAST RAINBOW
165	COLDBLOODED DARLING
166	COLOR PHILADELPHIA
167	COMA HEAD
168	COMANCHEROS ENEMY
169	COMFORTS RUSH
170	COMMAND DARLING
171	COMMANDMENTS EXPRESS
172	CONEHEADS SMOOCHY
173	CONFESSIONS MAGUIRE
174	CONFIDENTIAL INTERVIEW
175	CONFUSED CANDLES
176	CONGENIALITY QUEST
177	CONNECTICUT TRAMP
178	CONNECTION MICROCOSMOS
179	CONQUERER NUTS
180	CONSPIRACY SPIRIT
181	CONTACT ANONYMOUS
182	CONTROL ANTHEM
183	CONVERSATION DOWNHILL
184	CORE SUIT
185	COWBOY DOOM
186	CRAFT OUTFIELD
187	CRANES RESERVOIR
188	CRAZY HOME
189	CREATURES SHAKESPEARE
190	CREEPERS KANE
191	CROOKED FROGMEN
192	CROSSING DIVORCE
193	CROSSROADS CASUALTIES
194	CROW GREASE
195	CROWDS TELEMARK
196	CRUELTY UNFORGIVEN
197	CRUSADE HONEY
198	CRYSTAL BREAKING
199	CUPBOARD SINNERS
200	CURTAIN VIDEOTAPE
201	CYCLONE FAMILY
202	DADDY PITTSBURGH
203	DAISY MENAGERIE
204	DALMATIONS SWEDEN
205	DANCES NONE
206	DANCING FEVER
207	DANGEROUS UPTOWN
208	DARES PLUTO
209	DARKNESS WAR
210	DARKO DORADO
211	DARLING BREAKING
212	DARN FORRESTER
214	DAUGHTER MADIGAN
215	DAWN POND
216	DAY UNFAITHFUL
217	DAZED PUNK
218	DECEIVER BETRAYED
219	DEEP CRUSADE
220	DEER VIRGINIAN
221	DELIVERANCE MULHOLLAND
222	DESERT POSEIDON
223	DESIRE ALIEN
224	DESPERATE TRAINSPOTTING
225	DESTINATION JERK
226	DESTINY SATURDAY
227	DETAILS PACKER
228	DETECTIVE VISION
229	DEVIL DESIRE
230	DIARY PANIC
231	DINOSAUR SECRETARY
232	DIRTY ACE
233	DISCIPLE MOTHER
234	DISTURBING SCARFACE
235	DIVIDE MONSTER
236	DIVINE RESURRECTION
237	DIVORCE SHINING
238	DOCTOR GRAIL
239	DOGMA FAMILY
240	DOLLS RAGE
241	DONNIE ALLEY
242	DOOM DANCING
243	DOORS PRESIDENT
244	DORADO NOTTING
245	DOUBLE WRATH
246	DOUBTFIRE LABYRINTH
247	DOWNHILL ENOUGH
248	DOZEN LION
249	DRACULA CRYSTAL
250	DRAGON SQUAD
251	DRAGONFLY STRANGERS
252	DREAM PICKUP
253	DRIFTER COMMANDMENTS
254	DRIVER ANNIE
255	DRIVING POLISH
256	DROP WATERFRONT
257	DRUMLINE CYCLONE
258	DRUMS DYNAMITE
259	DUCK RACER
260	DUDE BLINDNESS
261	DUFFEL APOCALYPSE
262	DUMBO LUST
263	DURHAM PANKY
264	DWARFS ALTER
265	DYING MAKER
266	DYNAMITE TARZAN
267	EAGLES PANKY
268	EARLY HOME
269	EARRING INSTINCT
270	EARTH VISION
271	EASY GLADIATOR
272	EDGE KISSING
273	EFFECT GLADIATOR
274	EGG IGBY
275	EGYPT TENENBAUMS
276	ELEMENT FREDDY
277	ELEPHANT TROJAN
278	ELF MURDER
279	ELIZABETH SHANE
280	EMPIRE MALKOVICH
281	ENCINO ELF
282	ENCOUNTERS CURTAIN
283	ENDING CROWDS
284	ENEMY ODDS
285	ENGLISH BULWORTH
286	ENOUGH RAGING
287	ENTRAPMENT SATISFACTION
288	ESCAPE METROPOLIS
289	EVE RESURRECTION
290	EVERYONE CRAFT
291	EVOLUTION ALTER
292	EXCITEMENT EVE
293	EXORCIST STING
294	EXPECATIONS NATURAL
295	EXPENDABLE STALLION
296	EXPRESS LONELY
297	EXTRAORDINARY CONQUERER
298	EYES DRIVING
299	FACTORY DRAGON
300	FALCON VOLUME
301	FAMILY SWEET
302	FANTASIA PARK
303	FANTASY TROOPERS
304	FARGO GANDHI
305	FATAL HAUNTED
306	FEATHERS METAL
307	FELLOWSHIP AUTUMN
308	FERRIS MOTHER
309	FEUD FROGMEN
310	FEVER EMPIRE
311	FICTION CHRISTMAS
312	FIDDLER LOST
313	FIDELITY DEVIL
314	FIGHT JAWBREAKER
315	FINDING ANACONDA
316	FIRE WOLVES
317	FIREBALL PHILADELPHIA
318	FIREHOUSE VIETNAM
319	FISH OPUS
320	FLAMINGOS CONNECTICUT
321	FLASH WARS
322	FLATLINERS KILLER
323	FLIGHT LIES
324	FLINTSTONES HAPPINESS
325	FLOATS GARDEN
326	FLYING HOOK
327	FOOL MOCKINGBIRD
328	FOREVER CANDIDATE
329	FORREST SONS
330	FORRESTER COMANCHEROS
331	FORWARD TEMPLE
332	FRANKENSTEIN STRANGER
333	FREAKY POCUS
334	FREDDY STORM
335	FREEDOM CLEOPATRA
336	FRENCH HOLIDAY
337	FRIDA SLIPPER
338	FRISCO FORREST
339	FROGMEN BREAKING
340	FRONTIER CABIN
341	FROST HEAD
342	FUGITIVE MAGUIRE
343	FULL FLATLINERS
344	FURY MURDER
345	GABLES METROPOLIS
346	GALAXY SWEETHEARTS
347	GAMES BOWFINGER
348	GANDHI KWAI
349	GANGS PRIDE
350	GARDEN ISLAND
351	GASLIGHT CRUSADE
352	GATHERING CALENDAR
353	GENTLEMEN STAGE
354	GHOST GROUNDHOG
355	GHOSTBUSTERS ELF
356	GIANT TROOPERS
357	GILBERT PELICAN
358	GILMORE BOILED
359	GLADIATOR WESTWARD
360	GLASS DYING
361	GLEAMING JAWBREAKER
362	GLORY TRACY
363	GO PURPLE
364	GODFATHER DIARY
365	GOLD RIVER
366	GOLDFINGER SENSIBILITY
367	GOLDMINE TYCOON
368	GONE TROUBLE
369	GOODFELLAS SALUTE
370	GORGEOUS BINGO
371	GOSFORD DONNIE
372	GRACELAND DYNAMITE
373	GRADUATE LORD
374	GRAFFITI LOVE
375	GRAIL FRANKENSTEIN
376	GRAPES FURY
377	GREASE YOUTH
378	GREATEST NORTH
379	GREEDY ROOTS
380	GREEK EVERYONE
381	GRINCH MASSAGE
382	GRIT CLOCKWORK
383	GROOVE FICTION
384	GROSSE WONDERFUL
385	GROUNDHOG UNCUT
386	GUMP DATE
387	GUN BONNIE
388	GUNFIGHT MOON
389	GUNFIGHTER MUSSOLINI
390	GUYS FALCON
391	HALF OUTFIELD
392	HALL CASSIDY
393	HALLOWEEN NUTS
394	HAMLET WISDOM
395	HANDICAP BOONDOCK
396	HANGING DEEP
397	HANKY OCTOBER
398	HANOVER GALAXY
399	HAPPINESS UNITED
400	HARDLY ROBBERS
401	HAROLD FRENCH
402	HARPER DYING
403	HARRY IDAHO
404	HATE HANDICAP
405	HAUNTED ANTITRUST
406	HAUNTING PIANIST
407	HAWK CHILL
408	HEAD STRANGER
409	HEARTBREAKERS BRIGHT
410	HEAVEN FREEDOM
411	HEAVENLY GUN
412	HEAVYWEIGHTS BEAST
413	HEDWIG ALTER
414	HELLFIGHTERS SIERRA
415	HIGH ENCINO
416	HIGHBALL POTTER
417	HILLS NEIGHBORS
418	HOBBIT ALIEN
419	HOCUS FRIDA
420	HOLES BRANNIGAN
421	HOLIDAY GAMES
422	HOLLOW JEOPARDY
423	HOLLYWOOD ANONYMOUS
424	HOLOCAUST HIGHBALL
425	HOLY TADPOLE
426	HOME PITY
427	HOMEWARD CIDER
428	HOMICIDE PEACH
429	HONEY TIES
430	HOOK CHARIOTS
431	HOOSIERS BIRDCAGE
432	HOPE TOOTSIE
433	HORN WORKING
434	HORROR REIGN
435	HOTEL HAPPINESS
436	HOURS RAGE
437	HOUSE DYNAMITE
438	HUMAN GRAFFITI
439	HUNCHBACK IMPOSSIBLE
440	HUNGER ROOF
441	HUNTER ALTER
442	HUNTING MUSKETEERS
443	HURRICANE AFFAIR
444	HUSTLER PARTY
445	HYDE DOCTOR
446	HYSTERICAL GRAIL
447	ICE CROSSING
448	IDAHO LOVE
449	IDENTITY LOVER
450	IDOLS SNATCHERS
451	IGBY MAKER
452	ILLUSION AMELIE
453	IMAGE PRINCESS
454	IMPACT ALADDIN
455	IMPOSSIBLE PREJUDICE
456	INCH JET
457	INDEPENDENCE HOTEL
458	INDIAN LOVE
459	INFORMER DOUBLE
460	INNOCENT USUAL
461	INSECTS STONE
462	INSIDER ARIZONA
463	INSTINCT AIRPORT
464	INTENTIONS EMPIRE
465	INTERVIEW LIAISONS
466	INTOLERABLE INTENTIONS
467	INTRIGUE WORST
468	INVASION CYCLONE
469	IRON MOON
470	ISHTAR ROCKETEER
471	ISLAND EXORCIST
472	ITALIAN AFRICAN
473	JACKET FRISCO
474	JADE BUNCH
475	JAPANESE RUN
476	JASON TRAP
477	JAWBREAKER BROOKLYN
478	JAWS HARRY
479	JEDI BENEATH
480	JEEPERS WEDDING
481	JEKYLL FROGMEN
482	JEOPARDY ENCINO
483	JERICHO MULAN
484	JERK PAYCHECK
485	JERSEY SASSY
486	JET NEIGHBORS
487	JINGLE SAGEBRUSH
488	JOON NORTHWEST
489	JUGGLER HARDLY
490	JUMANJI BLADE
491	JUMPING WRATH
492	JUNGLE CLOSER
493	KANE EXORCIST
494	KARATE MOON
495	KENTUCKIAN GIANT
496	KICK SAVANNAH
497	KILL BROTHERHOOD
498	KILLER INNOCENT
499	KING EVOLUTION
500	KISS GLORY
501	KISSING DOLLS
502	KNOCK WARLOCK
503	KRAMER CHOCOLATE
504	KWAI HOMEWARD
505	LABYRINTH LEAGUE
506	LADY STAGE
507	LADYBUGS ARMAGEDDON
508	LAMBS CINCINATTI
509	LANGUAGE COWBOY
510	LAWLESS VISION
511	LAWRENCE LOVE
512	LEAGUE HELLFIGHTERS
513	LEATHERNECKS DWARFS
514	LEBOWSKI SOLDIERS
515	LEGALLY SECRETARY
516	LEGEND JEDI
517	LESSON CLEOPATRA
518	LIAISONS SWEET
519	LIBERTY MAGNIFICENT
520	LICENSE WEEKEND
521	LIES TREATMENT
522	LIFE TWISTED
523	LIGHTS DEER
524	LION UNCUT
525	LOATHING LEGALLY
526	LOCK REAR
527	LOLA AGENT
528	LOLITA WORLD
529	LONELY ELEPHANT
530	LORD ARIZONA
531	LOSE INCH
532	LOSER HUSTLER
533	LOST BIRD
534	LOUISIANA HARRY
535	LOVE SUICIDES
536	LOVELY JINGLE
537	LOVER TRUMAN
538	LOVERBOY ATTACKS
539	LUCK OPUS
540	LUCKY FLYING
584	MIXED DOORS
541	LUKE MUMMY
542	LUST LOCK
543	MADIGAN DORADO
544	MADISON TRAP
545	MADNESS ATTACKS
546	MADRE GABLES
547	MAGIC MALLRATS
548	MAGNIFICENT CHITTY
549	MAGNOLIA FORRESTER
550	MAGUIRE APACHE
551	MAIDEN HOME
552	MAJESTIC FLOATS
553	MAKER GABLES
554	MALKOVICH PET
555	MALLRATS UNITED
556	MALTESE HOPE
557	MANCHURIAN CURTAIN
558	MANNEQUIN WORST
559	MARRIED GO
560	MARS ROMAN
561	MASK PEACH
562	MASKED BUBBLE
563	MASSACRE USUAL
564	MASSAGE IMAGE
565	MATRIX SNOWMAN
566	MAUDE MOD
567	MEET CHOCOLATE
568	MEMENTO ZOOLANDER
569	MENAGERIE RUSHMORE
570	MERMAID INSECTS
571	METAL ARMAGEDDON
572	METROPOLIS COMA
573	MICROCOSMOS PARADISE
574	MIDNIGHT WESTWARD
575	MIDSUMMER GROUNDHOG
576	MIGHTY LUCK
577	MILE MULAN
578	MILLION ACE
579	MINDS TRUMAN
580	MINE TITANS
581	MINORITY KISS
582	MIRACLE VIRTUAL
583	MISSION ZOOLANDER
672	PERFECT GROOVE
585	MOB DUFFEL
586	MOCKINGBIRD HOLLYWOOD
587	MOD SECRETARY
588	MODEL FISH
589	MODERN DORADO
590	MONEY HAROLD
591	MONSOON CAUSE
592	MONSTER SPARTACUS
593	MONTEREY LABYRINTH
594	MONTEZUMA COMMAND
595	MOON BUNCH
596	MOONSHINE CABIN
597	MOONWALKER FOOL
598	MOSQUITO ARMAGEDDON
599	MOTHER OLEANDER
600	MOTIONS DETAILS
601	MOULIN WAKE
602	MOURNING PURPLE
603	MOVIE SHAKESPEARE
604	MULAN MOON
605	MULHOLLAND BEAST
606	MUMMY CREATURES
607	MUPPET MILE
608	MURDER ANTITRUST
609	MUSCLE BRIGHT
610	MUSIC BOONDOCK
611	MUSKETEERS WAIT
612	MUSSOLINI SPOILERS
613	MYSTIC TRUMAN
614	NAME DETECTIVE
615	NASH CHOCOLAT
616	NATIONAL STORY
617	NATURAL STOCK
618	NECKLACE OUTBREAK
619	NEIGHBORS CHARADE
620	NEMO CAMPUS
621	NETWORK PEAK
622	NEWSIES STORY
623	NEWTON LABYRINTH
624	NIGHTMARE CHILL
625	NONE SPIKING
626	NOON PAPI
627	NORTH TEQUILA
628	NORTHWEST POLISH
629	NOTORIOUS REUNION
630	NOTTING SPEAKEASY
631	NOVOCAINE FLIGHT
632	NUTS TIES
633	OCTOBER SUBMARINE
634	ODDS BOOGIE
635	OKLAHOMA JUMANJI
636	OLEANDER CLUE
637	OPEN AFRICAN
638	OPERATION OPERATION
639	OPPOSITE NECKLACE
640	OPUS ICE
641	ORANGE GRAPES
642	ORDER BETRAYED
643	ORIENT CLOSER
644	OSCAR GOLD
645	OTHERS SOUP
646	OUTBREAK DIVINE
647	OUTFIELD MASSACRE
648	OUTLAW HANKY
649	OZ LIAISONS
650	PACIFIC AMISTAD
651	PACKER MADIGAN
652	PAJAMA JAWBREAKER
653	PANIC CLUB
654	PANKY SUBMARINE
655	PANTHER REDS
656	PAPI NECKLACE
657	PARADISE SABRINA
658	PARIS WEEKEND
659	PARK CITIZEN
660	PARTY KNOCK
661	PAST SUICIDES
662	PATHS CONTROL
663	PATIENT SISTER
664	PATRIOT ROMAN
665	PATTON INTERVIEW
666	PAYCHECK WAIT
667	PEACH INNOCENT
668	PEAK FOREVER
669	PEARL DESTINY
670	PELICAN COMFORTS
671	PERDITION FARGO
673	PERSONAL LADYBUGS
674	PET HAUNTING
675	PHANTOM GLORY
676	PHILADELPHIA WIFE
677	PIANIST OUTFIELD
715	RANGE MOONWALKER
678	PICKUP DRIVING
679	PILOT HOOSIERS
680	PINOCCHIO SIMON
681	PIRATES ROXANNE
682	PITTSBURGH HUNCHBACK
683	PITY BOUND
684	PIZZA JUMANJI
685	PLATOON INSTINCT
686	PLUTO OLEANDER
687	POCUS PULP
688	POLISH BROOKLYN
689	POLLOCK DELIVERANCE
690	POND SEATTLE
691	POSEIDON FOREVER
692	POTLUCK MIXED
693	POTTER CONNECTICUT
694	PREJUDICE OLEANDER
695	PRESIDENT BANG
696	PRIDE ALAMO
697	PRIMARY GLASS
698	PRINCESS GIANT
699	PRIVATE DROP
700	PRIX UNDEFEATED
701	PSYCHO SHRUNK
702	PULP BEVERLY
703	PUNK DIVORCE
704	PURE RUNNER
705	PURPLE MOVIE
706	QUEEN LUKE
707	QUEST MUSSOLINI
708	QUILLS BULL
709	RACER EGG
710	RAGE GAMES
711	RAGING AIRPLANE
712	RAIDERS ANTITRUST
713	RAINBOW SHOCK
714	RANDOM GO
786	SHEPHERD MIDSUMMER
716	REAP UNFAITHFUL
717	REAR TRADING
718	REBEL AIRPORT
719	RECORDS ZORRO
720	REDEMPTION COMFORTS
721	REDS POCUS
722	REEF SALUTE
723	REIGN GENTLEMEN
724	REMEMBER DIARY
725	REQUIEM TYCOON
726	RESERVOIR ADAPTATION
727	RESURRECTION SILVERADO
728	REUNION WITCHES
729	RIDER CADDYSHACK
730	RIDGEMONT SUBMARINE
731	RIGHT CRANES
732	RINGS HEARTBREAKERS
733	RIVER OUTLAW
734	ROAD ROXANNE
735	ROBBERS JOON
736	ROBBERY BRIGHT
737	ROCK INSTINCT
738	ROCKETEER MOTHER
739	ROCKY WAR
740	ROLLERCOASTER BRINGING
741	ROMAN PUNK
742	ROOF CHAMPION
743	ROOM ROMAN
744	ROOTS REMEMBER
745	ROSES TREASURE
746	ROUGE SQUAD
747	ROXANNE REBEL
748	RUGRATS SHAKESPEARE
749	RULES HUMAN
750	RUN PACIFIC
751	RUNAWAY TENENBAUMS
752	RUNNER MADIGAN
753	RUSH GOODFELLAS
754	RUSHMORE MERMAID
755	SABRINA MIDNIGHT
756	SADDLE ANTITRUST
757	SAGEBRUSH CLUELESS
758	SAINTS BRIDE
759	SALUTE APOLLO
760	SAMURAI LION
761	SANTA PARIS
762	SASSY PACKER
763	SATISFACTION CONFIDENTIAL
764	SATURDAY LAMBS
765	SATURN NAME
766	SAVANNAH TOWN
767	SCALAWAG DUCK
768	SCARFACE BANG
769	SCHOOL JACKET
806	SLEEPY JAPANESE
770	SCISSORHANDS SLUMS
788	SHIP WONDERLAND
771	SCORPION APOLLO
772	SEA VIRGIN
773	SEABISCUIT PUNK
774	SEARCHERS WAIT
775	SEATTLE EXPECATIONS
776	SECRET GROUNDHOG
777	SECRETARY ROUGE
778	SECRETS PARADISE
779	SENSE GREEK
780	SENSIBILITY REAR
781	SEVEN SWARM
782	SHAKESPEARE SADDLE
783	SHANE DARKNESS
784	SHANGHAI TYCOON
785	SHAWSHANK BUBBLE
787	SHINING ROSES
789	SHOCK CABIN
790	SHOOTIST SUPERFLY
791	SHOW LORD
792	SHREK LICENSE
793	SHRUNK DIVINE
794	SIDE ARK
795	SIEGE MADRE
796	SIERRA DIVIDE
797	SILENCE KANE
798	SILVERADO GOLDFINGER
799	SIMON NORTH
800	SINNERS ATLANTIS
801	SISTER FREDDY
802	SKY MIRACLE
803	SLACKER LIAISONS
804	SLEEPING SUSPECTS
805	SLEEPLESS MONSOON
807	SLEUTH ORIENT
808	SLING LUKE
809	SLIPPER FIDELITY
810	SLUMS DUCK
811	SMILE EARRING
812	SMOKING BARBARELLA
813	SMOOCHY CONTROL
814	SNATCH SLIPPER
815	SNATCHERS MONTEZUMA
816	SNOWMAN ROLLERCOASTER
817	SOLDIERS EVOLUTION
818	SOMETHING DUCK
819	SONG HEDWIG
820	SONS INTERVIEW
821	SORORITY QUEEN
822	SOUP WISDOM
823	SOUTH WAIT
824	SPARTACUS CHEAPER
825	SPEAKEASY DATE
826	SPEED SUIT
827	SPICE SORORITY
828	SPIKING ELEMENT
829	SPINAL ROCKY
830	SPIRIT FLINTSTONES
831	SPIRITED CASUALTIES
832	SPLASH GUMP
833	SPLENDOR PATTON
834	SPOILERS HELLFIGHTERS
835	SPY MILE
836	SQUAD FISH
837	STAGE WORLD
838	STAGECOACH ARMAGEDDON
839	STALLION SUNDANCE
840	STAMPEDE DISTURBING
841	STAR OPERATION
842	STATE WASTELAND
843	STEEL SANTA
844	STEERS ARMAGEDDON
845	STEPMOM DREAM
846	STING PERSONAL
847	STOCK GLASS
848	STONE FIRE
849	STORM HAPPINESS
850	STORY SIDE
851	STRAIGHT HOURS
852	STRANGELOVE DESIRE
853	STRANGER STRANGERS
854	STRANGERS GRAFFITI
855	STREAK RIDGEMONT
856	STREETCAR INTENTIONS
857	STRICTLY SCARFACE
858	SUBMARINE BED
859	SUGAR WONKA
860	SUICIDES SILENCE
861	SUIT WALLS
862	SUMMER SCARFACE
863	SUN CONFESSIONS
864	SUNDANCE INVASION
865	SUNRISE LEAGUE
866	SUNSET RACER
867	SUPER WYOMING
868	SUPERFLY TRIP
869	SUSPECTS QUILLS
870	SWARM GOLD
871	SWEDEN SHINING
872	SWEET BROTHERHOOD
873	SWEETHEARTS SUSPECTS
874	TADPOLE PARK
875	TALENTED HOMICIDE
876	TARZAN VIDEOTAPE
877	TAXI KICK
878	TEEN APOLLO
879	TELEGRAPH VOYAGE
880	TELEMARK HEARTBREAKERS
881	TEMPLE ATTRACTION
882	TENENBAUMS COMMAND
883	TEQUILA PAST
884	TERMINATOR CLUB
885	TEXAS WATCH
886	THEORY MERMAID
887	THIEF PELICAN
888	THIN SAGEBRUSH
889	TIES HUNGER
890	TIGHTS DAWN
891	TIMBERLAND SKY
892	TITANIC BOONDOCK
893	TITANS JERK
894	TOMATOES HELLFIGHTERS
895	TOMORROW HUSTLER
896	TOOTSIE PILOT
897	TORQUE BOUND
898	TOURIST PELICAN
899	TOWERS HURRICANE
900	TOWN ARK
901	TRACY CIDER
902	TRADING PINOCCHIO
903	TRAFFIC HOBBIT
904	TRAIN BUNCH
905	TRAINSPOTTING STRANGERS
906	TRAMP OTHERS
907	TRANSLATION SUMMER
908	TRAP GUYS
909	TREASURE COMMAND
910	TREATMENT JEKYLL
911	TRIP NEWTON
912	TROJAN TOMORROW
913	TROOPERS METAL
914	TROUBLE DATE
915	TRUMAN CRAZY
916	TURN STAR
917	TUXEDO MILE
918	TWISTED PIRATES
919	TYCOON GATHERING
920	UNBREAKABLE KARATE
921	UNCUT SUICIDES
922	UNDEFEATED DALMATIONS
923	UNFAITHFUL KILL
924	UNFORGIVEN ZOOLANDER
925	UNITED PILOT
926	UNTOUCHABLES SUNRISE
927	UPRISING UPTOWN
928	UPTOWN YOUNG
929	USUAL UNTOUCHABLES
930	VACATION BOONDOCK
931	VALENTINE VANISHING
932	VALLEY PACKER
933	VAMPIRE WHALE
934	VANILLA DAY
935	VANISHED GARDEN
936	VANISHING ROCKY
937	VARSITY TRIP
938	VELVET TERMINATOR
939	VERTIGO NORTHWEST
940	VICTORY ACADEMY
941	VIDEOTAPE ARSENIC
942	VIETNAM SMOOCHY
943	VILLAIN DESPERATE
944	VIRGIN DAISY
945	VIRGINIAN PLUTO
946	VIRTUAL SPOILERS
947	VISION TORQUE
948	VOICE PEACH
949	VOLCANO TEXAS
950	VOLUME HOUSE
951	VOYAGE LEGALLY
952	WAGON JAWS
953	WAIT CIDER
954	WAKE JAWS
955	WALLS ARTIST
956	WANDA CHAMBER
957	WAR NOTTING
958	WARDROBE PHANTOM
959	WARLOCK WEREWOLF
960	WARS PLUTO
961	WASH HEAVENLY
962	WASTELAND DIVINE
963	WATCH TRACY
964	WATERFRONT DELIVERANCE
965	WATERSHIP FRONTIER
966	WEDDING APOLLO
967	WEEKEND PERSONAL
968	WEREWOLF LOLA
969	WEST LION
970	WESTWARD SEABISCUIT
971	WHALE BIKINI
972	WHISPERER GIANT
973	WIFE TURN
974	WILD APOLLO
975	WILLOW TRACY
976	WIND PHANTOM
977	WINDOW SIDE
978	WISDOM WORKER
979	WITCHES PANIC
980	WIZARD COLDBLOODED
981	WOLVES DESIRE
982	WOMEN DORADO
983	WON DARES
984	WONDERFUL DROP
985	WONDERLAND CHRISTMAS
986	WONKA SEA
987	WORDS HUNTER
988	WORKER TARZAN
989	WORKING MICROCOSMOS
990	WORLD LEATHERNECKS
991	WORST BANGER
992	WRATH MILE
993	WRONG BEHAVIOR
994	WYOMING STORM
995	YENTL IDAHO
996	YOUNG LANGUAGE
997	YOUTH KICK
998	ZHIVAGO CORE
999	ZOOLANDER FICTION
1000	ZORRO ARK
\.


--
-- Data for Name: inventory; Type: TABLE DATA; Schema: public; Owner: jbedbtdev
--

COPY public.inventory (inventory_id, film_id, store_id) FROM stdin;
1	1	1
2	1	1
3	1	1
4	1	1
5	1	2
6	1	2
7	1	2
8	1	2
9	2	2
10	2	2
11	2	2
12	3	2
13	3	2
14	3	2
15	3	2
16	4	1
17	4	1
18	4	1
19	4	1
20	4	2
21	4	2
22	4	2
23	5	2
24	5	2
25	5	2
26	6	1
27	6	1
28	6	1
29	6	2
30	6	2
31	6	2
32	7	1
33	7	1
34	7	2
35	7	2
36	7	2
37	8	2
38	8	2
39	8	2
40	8	2
41	9	1
42	9	1
43	9	1
44	9	2
45	9	2
46	10	1
47	10	1
48	10	1
49	10	1
50	10	2
51	10	2
52	10	2
53	11	1
54	11	1
55	11	1
56	11	1
57	11	2
58	11	2
59	11	2
60	12	1
61	12	1
62	12	1
63	12	2
64	12	2
65	12	2
66	12	2
67	13	2
68	13	2
69	13	2
70	13	2
71	15	1
72	15	1
73	15	2
74	15	2
75	15	2
76	15	2
77	16	1
78	16	1
79	16	2
80	16	2
81	17	1
82	17	1
83	17	1
84	17	2
85	17	2
86	17	2
87	18	1
88	18	1
89	18	1
90	18	2
91	18	2
92	18	2
93	19	1
94	19	1
95	19	1
96	19	1
97	19	2
98	19	2
99	20	1
100	20	1
101	20	1
102	21	1
103	21	1
104	21	2
105	21	2
106	21	2
107	21	2
108	22	1
109	22	1
110	22	1
111	22	1
112	22	2
113	22	2
114	22	2
115	23	1
116	23	1
117	23	1
118	23	2
119	23	2
120	24	1
121	24	1
122	24	1
123	24	1
124	25	1
125	25	1
126	25	1
127	25	1
128	25	2
129	25	2
130	26	1
131	26	1
132	26	2
133	26	2
134	26	2
135	27	1
136	27	1
137	27	1
138	27	1
139	28	1
140	28	1
141	28	1
142	29	1
143	29	1
144	30	1
145	30	1
146	31	1
147	31	1
148	31	1
149	31	1
150	31	2
151	31	2
152	31	2
153	31	2
154	32	2
155	32	2
156	34	2
157	34	2
158	34	2
159	34	2
160	35	1
161	35	1
162	35	1
163	35	1
164	35	2
165	35	2
166	35	2
167	37	1
168	37	1
169	37	1
170	37	1
171	37	2
172	37	2
173	37	2
174	39	1
175	39	1
176	39	1
177	39	2
178	39	2
179	39	2
180	39	2
181	40	2
182	40	2
183	40	2
184	40	2
185	42	2
186	42	2
187	42	2
188	42	2
189	43	1
190	43	1
191	43	1
192	43	2
193	43	2
194	43	2
195	43	2
196	44	1
197	44	1
198	44	2
199	44	2
200	44	2
201	45	1
202	45	1
203	45	1
204	45	1
205	45	2
206	45	2
207	46	2
208	46	2
209	46	2
210	47	2
211	47	2
212	48	1
213	48	1
214	48	2
215	48	2
216	49	1
217	49	1
218	49	1
219	49	2
220	49	2
221	49	2
222	50	1
223	50	1
224	50	1
225	50	2
226	50	2
227	51	1
228	51	1
229	51	2
230	51	2
231	51	2
232	51	2
233	52	2
234	52	2
235	53	1
236	53	1
237	54	1
238	54	1
239	54	1
240	54	2
241	54	2
242	55	1
243	55	1
244	55	1
245	55	1
246	55	2
247	55	2
248	56	1
249	56	1
250	56	1
251	56	2
252	56	2
253	57	1
254	57	1
255	57	1
256	57	1
257	57	2
258	57	2
259	57	2
260	58	2
261	58	2
262	58	2
263	58	2
264	59	1
265	59	1
266	59	1
267	59	2
268	59	2
269	60	1
270	60	1
271	60	1
272	61	1
273	61	1
274	61	1
275	61	1
276	61	2
277	61	2
278	62	2
279	62	2
280	63	1
281	63	1
282	63	2
283	63	2
284	64	2
285	64	2
286	64	2
287	65	2
288	65	2
289	65	2
290	65	2
291	66	1
292	66	1
293	66	1
294	67	1
295	67	1
296	67	2
297	67	2
298	67	2
299	67	2
300	68	1
301	68	1
302	68	2
303	68	2
304	69	1
305	69	1
306	69	1
307	69	1
308	69	2
309	69	2
310	69	2
311	69	2
312	70	1
313	70	1
314	70	2
315	70	2
316	71	2
317	71	2
318	71	2
319	71	2
320	72	1
321	72	1
322	72	1
323	72	1
324	72	2
325	72	2
326	73	1
327	73	1
328	73	1
329	73	1
330	73	2
331	73	2
332	73	2
333	73	2
334	74	1
335	74	1
336	74	1
337	74	2
338	74	2
339	75	2
340	75	2
341	75	2
342	76	1
343	76	1
344	76	1
345	77	1
346	77	1
347	77	1
348	77	1
349	77	2
350	77	2
351	78	1
352	78	1
353	78	1
354	78	2
355	78	2
356	78	2
357	78	2
358	79	1
359	79	1
360	79	1
361	79	2
362	79	2
363	79	2
364	80	1
365	80	1
366	80	1
367	80	1
368	81	1
369	81	1
370	81	1
371	81	1
372	82	1
373	82	1
374	83	1
375	83	1
376	83	1
377	83	2
378	83	2
379	84	1
380	84	1
381	84	1
382	84	1
383	85	2
384	85	2
385	85	2
386	85	2
387	86	1
388	86	1
389	86	1
390	86	1
391	86	2
392	86	2
393	86	2
394	86	2
395	88	2
396	88	2
397	88	2
398	88	2
399	89	1
400	89	1
401	89	1
402	89	2
403	89	2
404	89	2
405	90	1
406	90	1
407	90	1
408	90	2
409	90	2
410	90	2
411	91	1
412	91	1
413	91	1
414	91	1
415	91	2
416	91	2
417	91	2
418	91	2
419	92	1
420	92	1
421	92	2
422	92	2
423	93	2
424	93	2
425	93	2
426	94	1
427	94	1
428	95	1
429	95	1
430	95	2
431	95	2
432	95	2
433	96	1
434	96	1
435	96	1
436	97	1
437	97	1
438	97	1
439	97	1
440	97	2
441	97	2
442	98	1
443	98	1
444	98	1
445	99	1
446	99	1
447	99	1
448	99	2
449	99	2
450	99	2
451	100	1
452	100	1
453	100	1
454	100	1
455	100	2
456	100	2
457	101	1
458	101	1
459	101	1
460	101	1
461	101	2
462	101	2
463	102	2
464	102	2
465	103	1
466	103	1
467	103	1
468	103	1
469	103	2
470	103	2
471	103	2
472	103	2
473	104	2
474	104	2
475	104	2
476	105	1
477	105	1
478	105	2
479	105	2
480	105	2
481	106	1
482	106	1
483	107	2
484	107	2
485	109	1
486	109	1
487	109	1
488	109	1
489	109	2
490	109	2
491	109	2
492	109	2
493	110	1
494	110	1
495	110	1
496	110	1
497	111	2
498	111	2
499	111	2
500	111	2
501	112	1
502	112	1
503	112	1
504	112	1
505	112	2
506	112	2
507	112	2
508	113	2
509	113	2
510	113	2
511	113	2
512	114	1
513	114	1
514	114	1
515	114	1
516	114	2
517	114	2
518	114	2
519	115	1
520	115	1
521	115	1
522	115	2
523	115	2
524	115	2
525	115	2
526	116	1
527	116	1
528	116	2
529	116	2
530	116	2
531	116	2
532	117	1
533	117	1
534	117	1
535	117	1
536	117	2
537	117	2
538	118	1
539	118	1
540	118	1
541	118	1
542	118	2
543	118	2
544	119	1
545	119	1
546	119	1
547	119	2
548	119	2
549	119	2
550	119	2
551	120	1
552	120	1
553	120	1
554	121	1
555	121	1
556	121	1
557	121	2
558	121	2
559	121	2
560	122	1
561	122	1
562	122	1
563	122	1
564	122	2
565	122	2
566	122	2
567	123	1
568	123	1
569	123	2
570	123	2
571	123	2
572	124	2
573	124	2
574	124	2
575	125	2
576	125	2
577	126	2
578	126	2
579	126	2
580	127	1
581	127	1
582	127	1
583	127	1
584	127	2
585	127	2
586	127	2
587	127	2
588	129	1
589	129	1
590	129	1
591	129	2
592	129	2
593	129	2
594	130	1
595	130	1
596	130	2
597	130	2
598	130	2
599	130	2
600	131	1
601	131	1
602	131	1
603	131	1
604	131	2
605	131	2
606	132	1
607	132	1
608	132	1
609	132	1
610	132	2
611	132	2
612	133	1
613	133	1
614	133	2
615	133	2
616	134	2
617	134	2
618	134	2
619	135	1
620	135	1
621	135	1
622	135	2
623	135	2
624	135	2
625	135	2
626	136	1
627	136	1
628	136	1
629	137	2
630	137	2
631	137	2
632	137	2
633	138	1
634	138	1
635	138	2
636	138	2
637	138	2
638	139	1
639	139	1
640	139	1
641	139	1
642	139	2
643	139	2
644	140	1
645	140	1
646	140	2
647	140	2
648	140	2
649	141	1
650	141	1
651	141	1
652	141	2
653	141	2
654	142	1
655	142	1
656	142	1
657	142	2
658	142	2
659	143	1
660	143	1
661	143	1
662	143	1
663	143	2
664	143	2
665	143	2
666	145	2
667	145	2
668	145	2
669	146	1
670	146	1
671	146	1
672	147	1
673	147	1
674	147	1
675	147	2
676	147	2
677	147	2
678	149	1
679	149	1
680	149	1
681	149	2
682	149	2
683	149	2
684	150	1
685	150	1
686	150	2
687	150	2
688	150	2
689	150	2
690	151	1
691	151	1
692	151	2
693	151	2
694	152	1
695	152	1
696	152	1
697	152	1
698	153	1
699	153	1
700	153	1
701	153	1
702	154	1
703	154	1
704	154	1
705	154	2
706	154	2
707	154	2
708	154	2
709	155	1
710	155	1
711	155	2
712	155	2
713	155	2
714	156	2
715	156	2
716	157	2
717	157	2
718	157	2
719	158	1
720	158	1
721	158	2
722	158	2
723	158	2
724	159	1
725	159	1
726	159	1
727	159	1
728	159	2
729	159	2
730	159	2
731	160	1
732	160	1
733	160	2
734	160	2
735	160	2
736	161	1
737	161	1
738	162	1
739	162	1
740	162	1
741	162	2
742	162	2
743	162	2
744	162	2
745	163	2
746	163	2
747	163	2
748	164	1
749	164	1
750	164	2
751	164	2
752	164	2
753	165	1
754	165	1
755	165	1
756	165	2
757	165	2
758	166	1
759	166	1
760	166	1
761	166	1
762	166	2
763	166	2
764	167	1
765	167	1
766	167	1
767	167	1
768	167	2
769	167	2
770	167	2
771	168	1
772	168	1
773	169	1
774	169	1
775	169	2
776	169	2
777	170	1
778	170	1
779	170	2
780	170	2
781	170	2
782	170	2
783	172	1
784	172	1
785	172	1
786	172	1
787	172	2
788	172	2
789	172	2
790	173	1
791	173	1
792	173	1
793	173	2
794	173	2
795	174	1
796	174	1
797	174	1
798	174	1
799	174	2
800	174	2
801	174	2
802	174	2
803	175	1
804	175	1
805	175	2
806	175	2
807	175	2
808	176	1
809	176	1
810	176	2
811	176	2
812	176	2
813	176	2
814	177	2
815	177	2
816	177	2
817	178	1
818	178	1
819	179	1
820	179	1
821	179	1
822	179	1
823	180	2
824	180	2
825	181	1
826	181	1
827	181	1
828	181	2
829	181	2
830	181	2
831	181	2
832	182	1
833	182	1
834	183	1
835	183	1
836	183	1
837	183	2
838	183	2
839	183	2
840	184	1
841	184	1
842	184	2
843	184	2
844	184	2
845	185	1
846	185	1
847	186	1
848	186	1
849	186	2
850	186	2
851	187	2
852	187	2
853	187	2
854	188	1
855	188	1
856	188	1
857	189	1
858	189	1
859	189	2
860	189	2
861	189	2
862	189	2
863	190	2
864	190	2
865	190	2
866	190	2
867	191	1
868	191	1
869	191	1
870	191	2
871	191	2
872	191	2
873	193	1
874	193	1
875	193	1
876	193	1
877	193	2
878	193	2
879	193	2
880	193	2
881	194	1
882	194	1
883	194	2
884	194	2
885	196	1
886	196	1
887	197	1
888	197	1
889	199	1
890	199	1
891	199	1
892	199	1
893	199	2
894	199	2
895	199	2
896	199	2
897	200	1
898	200	1
899	200	1
900	200	1
901	200	2
902	200	2
903	200	2
904	200	2
905	201	1
906	201	1
907	201	1
908	201	1
909	202	1
910	202	1
911	202	1
912	203	2
913	203	2
914	203	2
915	203	2
916	204	1
917	204	1
918	204	1
919	204	1
920	204	2
921	204	2
922	205	1
923	205	1
924	205	1
925	205	1
926	206	1
927	206	1
928	206	1
929	206	1
930	206	2
931	206	2
932	206	2
933	206	2
934	207	1
935	207	1
936	207	1
937	207	1
938	208	1
939	208	1
940	208	1
941	209	1
942	209	1
943	209	1
944	209	1
945	210	2
946	210	2
947	210	2
948	211	1
949	211	1
950	212	1
951	212	1
952	212	1
953	212	2
954	212	2
955	213	1
956	213	1
957	213	1
958	213	1
959	214	2
960	214	2
961	214	2
962	214	2
963	215	1
964	215	1
965	215	1
966	215	2
967	215	2
968	215	2
969	216	1
970	216	1
971	216	2
972	216	2
973	216	2
974	218	1
975	218	1
976	218	1
977	218	1
978	218	2
979	218	2
980	218	2
981	219	1
982	219	1
983	219	1
984	219	1
985	220	1
986	220	1
987	220	1
988	220	1
989	220	2
990	220	2
991	220	2
992	220	2
993	222	1
994	222	1
995	222	2
996	222	2
997	222	2
998	222	2
999	223	2
1000	223	2
1001	224	1
1002	224	1
1003	225	1
1004	225	1
1005	225	1
1006	226	1
1007	226	1
1008	226	2
1009	226	2
1010	226	2
1011	227	1
1012	227	1
1013	227	1
1014	227	2
1015	227	2
1016	228	1
1017	228	1
1018	228	1
1019	228	2
1020	228	2
1021	228	2
1022	228	2
1023	229	1
1024	229	1
1025	229	2
1026	229	2
1027	230	1
1028	230	1
1029	231	1
1030	231	1
1031	231	1
1032	231	1
1033	231	2
1034	231	2
1035	231	2
1036	231	2
1037	232	1
1038	232	1
1039	232	1
1040	232	2
1041	232	2
1042	233	1
1043	233	1
1044	233	1
1045	233	1
1046	233	2
1047	233	2
1048	234	1
1049	234	1
1050	234	1
1051	234	1
1052	234	2
1053	234	2
1054	234	2
1055	235	1
1056	235	1
1057	235	2
1058	235	2
1059	235	2
1060	235	2
1061	236	2
1062	236	2
1063	236	2
1064	236	2
1065	237	1
1066	237	1
1067	238	1
1068	238	1
1069	239	1
1070	239	1
1071	239	1
1072	239	1
1073	239	2
1074	239	2
1075	239	2
1076	239	2
1077	240	2
1078	240	2
1079	240	2
1080	241	1
1081	241	1
1082	241	1
1083	241	1
1084	242	1
1085	242	1
1086	242	2
1087	242	2
1088	242	2
1089	243	1
1090	243	1
1091	243	2
1092	243	2
1093	243	2
1094	243	2
1095	244	1
1096	244	1
1097	244	1
1098	244	1
1099	244	2
1100	244	2
1101	244	2
1102	245	1
1103	245	1
1104	245	1
1105	245	2
1106	245	2
1107	245	2
1108	245	2
1109	246	2
1110	246	2
1111	246	2
1112	247	1
1113	247	1
1114	247	1
1115	247	2
1116	247	2
1117	247	2
1118	247	2
1119	248	2
1120	248	2
1121	249	1
1122	249	1
1123	249	2
1124	249	2
1125	249	2
1126	249	2
1127	250	2
1128	250	2
1129	250	2
1130	250	2
1131	251	1
1132	251	1
1133	251	2
1134	251	2
1135	251	2
1136	252	1
1137	252	1
1138	252	1
1139	252	2
1140	252	2
1141	252	2
1142	253	1
1143	253	1
1144	253	1
1145	253	1
1146	253	2
1147	253	2
1148	254	1
1149	254	1
1150	254	2
1151	254	2
1152	254	2
1153	255	1
1154	255	1
1155	255	1
1156	255	1
1157	255	2
1158	255	2
1159	256	2
1160	256	2
1161	256	2
1162	257	2
1163	257	2
1164	257	2
1165	258	2
1166	258	2
1167	258	2
1168	258	2
1169	259	1
1170	259	1
1171	260	2
1172	260	2
1173	260	2
1174	260	2
1175	261	1
1176	261	1
1177	262	2
1178	262	2
1179	263	1
1180	263	1
1181	263	1
1182	263	1
1183	263	2
1184	263	2
1185	263	2
1186	264	2
1187	264	2
1188	265	1
1189	265	1
1190	265	1
1191	265	1
1192	266	1
1193	266	1
1194	266	1
1195	266	1
1196	266	2
1197	266	2
1198	266	2
1199	266	2
1200	267	1
1201	267	1
1202	267	1
1203	267	1
1204	267	2
1205	267	2
1206	268	2
1207	268	2
1208	269	1
1209	269	1
1210	269	2
1211	269	2
1212	269	2
1213	269	2
1214	270	1
1215	270	1
1216	270	1
1217	270	2
1218	270	2
1219	270	2
1220	270	2
1221	271	1
1222	271	1
1223	271	1
1224	271	2
1225	271	2
1226	272	1
1227	272	1
1228	272	1
1229	272	1
1230	273	1
1231	273	1
1232	273	1
1233	273	1
1234	273	2
1235	273	2
1236	273	2
1237	274	1
1238	274	1
1239	274	1
1240	274	2
1241	274	2
1242	274	2
1243	274	2
1244	275	1
1245	275	1
1246	275	1
1247	275	2
1248	275	2
1249	276	1
1250	276	1
1251	276	1
1252	276	1
1253	277	1
1254	277	1
1255	277	1
1256	278	1
1257	278	1
1258	279	1
1259	279	1
1260	280	1
1261	280	1
1262	280	1
1263	280	1
1264	280	2
1265	280	2
1266	281	1
1267	281	1
1268	281	2
1269	281	2
1270	281	2
1271	281	2
1272	282	1
1273	282	1
1274	282	1
1275	282	2
1276	282	2
1277	282	2
1278	283	1
1279	283	1
1280	283	1
1281	284	1
1282	284	1
1283	284	1
1284	284	2
1285	284	2
1286	284	2
1287	284	2
1288	285	1
1289	285	1
1290	285	1
1291	285	2
1292	285	2
1293	285	2
1294	285	2
1295	286	1
1296	286	1
1297	286	2
1298	286	2
1299	286	2
1300	287	1
1301	287	1
1302	287	2
1303	287	2
1304	288	1
1305	288	1
1306	288	2
1307	288	2
1308	288	2
1309	288	2
1310	289	1
1311	289	1
1312	290	1
1313	290	1
1314	290	1
1315	291	1
1316	291	1
1317	291	1
1318	291	1
1319	292	1
1320	292	1
1321	292	1
1322	292	2
1323	292	2
1324	292	2
1325	293	1
1326	293	1
1327	293	2
1328	293	2
1329	293	2
1330	294	1
1331	294	1
1332	294	2
1333	294	2
1334	294	2
1335	295	1
1336	295	1
1337	295	1
1338	295	1
1339	295	2
1340	295	2
1341	295	2
1342	295	2
1343	296	1
1344	296	1
1345	296	1
1346	296	1
1347	297	2
1348	297	2
1349	298	1
1350	298	1
1351	298	2
1352	298	2
1353	298	2
1354	299	1
1355	299	1
1356	299	1
1357	299	1
1358	300	1
1359	300	1
1360	300	2
1361	300	2
1362	300	2
1363	300	2
1364	301	1
1365	301	1
1366	301	1
1367	301	1
1368	301	2
1369	301	2
1370	301	2
1371	301	2
1372	302	1
1373	302	1
1374	302	2
1375	302	2
1376	302	2
1377	302	2
1378	303	1
1379	303	1
1380	303	1
1381	303	1
1382	303	2
1383	303	2
1384	304	1
1385	304	1
1386	304	1
1387	304	1
1388	304	2
1389	304	2
1390	305	1
1391	305	1
1392	305	1
1393	305	1
1394	305	2
1395	305	2
1396	305	2
1397	306	1
1398	306	1
1399	306	1
1400	307	1
1401	307	1
1402	307	1
1403	307	2
1404	307	2
1405	307	2
1406	308	1
1407	308	1
1408	308	2
1409	308	2
1410	309	1
1411	309	1
1412	309	2
1413	309	2
1414	309	2
1415	309	2
1416	310	1
1417	310	1
1418	311	1
1419	311	1
1420	311	1
1421	311	2
1422	311	2
1423	311	2
1424	311	2
1425	312	2
1426	312	2
1427	312	2
1428	313	1
1429	313	1
1430	313	1
1431	313	1
1432	313	2
1433	313	2
1434	314	1
1435	314	1
1436	314	2
1437	314	2
1438	314	2
1439	314	2
1440	315	2
1441	315	2
1442	315	2
1443	316	2
1444	316	2
1445	317	1
1446	317	1
1447	317	1
1448	317	1
1449	317	2
1450	317	2
1451	317	2
1452	319	1
1453	319	1
1454	319	1
1455	319	2
1456	319	2
1457	319	2
1458	319	2
1459	320	1
1460	320	1
1461	320	1
1462	320	2
1463	320	2
1464	320	2
1465	320	2
1466	321	1
1467	321	1
1468	321	1
1469	321	1
1470	322	1
1471	322	1
1472	322	1
1473	322	1
1474	322	2
1475	322	2
1476	323	2
1477	323	2
1478	323	2
1479	323	2
1480	324	1
1481	324	1
1482	324	1
1483	324	2
1484	324	2
1485	326	1
1486	326	1
1487	326	2
1488	326	2
1489	326	2
1490	326	2
1491	327	1
1492	327	1
1493	327	1
1494	327	1
1495	327	2
1496	327	2
1497	328	2
1498	328	2
1499	328	2
1500	328	2
1501	329	1
1502	329	1
1503	329	1
1504	329	2
1505	329	2
1506	329	2
1507	330	1
1508	330	1
1509	330	1
1510	330	1
1511	330	2
1512	330	2
1513	330	2
1514	331	1
1515	331	1
1516	331	1
1517	331	1
1518	331	2
1519	331	2
1520	331	2
1521	331	2
1522	333	1
1523	333	1
1524	333	2
1525	333	2
1526	334	1
1527	334	1
1528	334	2
1529	334	2
1530	334	2
1531	334	2
1532	335	1
1533	335	1
1534	336	1
1535	336	1
1536	336	1
1537	336	2
1538	336	2
1539	337	1
1540	337	1
1541	337	2
1542	337	2
1543	338	2
1544	338	2
1545	338	2
1546	339	2
1547	339	2
1548	339	2
1549	340	1
1550	340	1
1551	341	1
1552	341	1
1553	341	1
1554	341	1
1555	341	2
1556	341	2
1557	341	2
1558	341	2
1559	342	1
1560	342	1
1561	342	1
1562	342	1
1563	343	1
1564	343	1
1565	344	1
1566	344	1
1567	344	1
1568	344	2
1569	344	2
1570	345	1
1571	345	1
1572	345	1
1573	345	2
1574	345	2
1575	346	1
1576	346	1
1577	346	2
1578	346	2
1579	346	2
1580	346	2
1581	347	1
1582	347	1
1583	347	1
1584	347	1
1585	348	2
1586	348	2
1587	348	2
1588	348	2
1589	349	1
1590	349	1
1591	349	1
1592	349	1
1593	349	2
1594	349	2
1595	349	2
1596	350	1
1597	350	1
1598	350	1
1599	350	1
1600	350	2
1601	350	2
1602	350	2
1603	350	2
1604	351	1
1605	351	1
1606	351	1
1607	351	2
1608	351	2
1609	351	2
1610	352	2
1611	352	2
1612	352	2
1613	352	2
1614	353	1
1615	353	1
1616	353	2
1617	353	2
1618	353	2
1619	353	2
1620	354	1
1621	354	1
1622	354	1
1623	354	2
1624	354	2
1625	355	2
1626	355	2
1627	356	1
1628	356	1
1629	356	1
1630	356	1
1631	356	2
1632	356	2
1633	356	2
1634	356	2
1635	357	2
1636	357	2
1637	357	2
1638	357	2
1639	358	1
1640	358	1
1641	358	1
1642	358	1
1643	358	2
1644	358	2
1645	358	2
1646	358	2
1647	360	1
1648	360	1
1649	360	1
1650	360	1
1651	361	1
1652	361	1
1653	361	1
1654	361	1
1655	361	2
1656	361	2
1657	361	2
1658	361	2
1659	362	1
1660	362	1
1661	363	1
1662	363	1
1663	363	1
1664	363	2
1665	363	2
1666	363	2
1667	364	1
1668	364	1
1669	364	1
1670	365	1
1671	365	1
1672	365	2
1673	365	2
1674	366	1
1675	366	1
1676	366	1
1677	366	1
1678	366	2
1679	366	2
1680	366	2
1681	367	1
1682	367	1
1683	367	1
1684	367	1
1685	367	2
1686	367	2
1687	367	2
1688	368	1
1689	368	1
1690	369	1
1691	369	1
1692	369	1
1693	369	1
1694	369	2
1695	369	2
1696	369	2
1697	369	2
1698	370	1
1699	370	1
1700	370	1
1701	370	2
1702	370	2
1703	371	1
1704	371	1
1705	371	1
1706	372	1
1707	372	1
1708	373	1
1709	373	1
1710	373	1
1711	373	2
1712	373	2
1713	374	1
1714	374	1
1715	374	1
1716	374	2
1717	374	2
1718	374	2
1719	374	2
1720	375	1
1721	375	1
1722	376	1
1723	376	1
1724	376	1
1725	376	1
1726	376	2
1727	376	2
1728	376	2
1729	377	1
1730	377	1
1731	377	1
1732	377	2
1733	377	2
1734	377	2
1735	378	1
1736	378	1
1737	378	1
1738	378	1
1739	378	2
1740	378	2
1741	378	2
1742	378	2
1743	379	2
1744	379	2
1745	379	2
1746	379	2
1747	380	1
1748	380	1
1749	380	2
1750	380	2
1751	380	2
1752	381	1
1753	381	1
1754	381	2
1755	381	2
1756	381	2
1757	382	1
1758	382	1
1759	382	1
1760	382	1
1761	382	2
1762	382	2
1763	382	2
1764	382	2
1765	383	1
1766	383	1
1767	383	1
1768	383	2
1769	383	2
1770	384	2
1771	384	2
1772	384	2
1773	385	1
1774	385	1
1775	385	2
1776	385	2
1777	385	2
1778	387	1
1779	387	1
1780	387	1
1781	387	2
1782	387	2
1783	387	2
1784	388	1
1785	388	1
1786	388	1
1787	388	2
1788	388	2
1789	388	2
1790	389	1
1791	389	1
1792	389	2
1793	389	2
1794	390	1
1795	390	1
1796	390	1
1797	391	1
1798	391	1
1799	391	1
1800	391	1
1801	391	2
1802	391	2
1803	391	2
1804	392	1
1805	392	1
1806	392	1
1807	392	1
1808	392	2
1809	392	2
1810	393	1
1811	393	1
1812	394	1
1813	394	1
1814	394	1
1815	394	1
1816	395	1
1817	395	1
1818	395	1
1819	395	2
1820	395	2
1821	395	2
1822	396	2
1823	396	2
1824	396	2
1825	396	2
1826	397	1
1827	397	1
1828	397	1
1829	397	2
1830	397	2
1831	397	2
1832	397	2
1833	398	2
1834	398	2
1835	398	2
1836	398	2
1837	399	2
1838	399	2
1839	400	1
1840	400	1
1841	401	1
1842	401	1
1843	402	1
1844	402	1
1845	402	1
1846	402	2
1847	402	2
1848	402	2
1849	403	1
1850	403	1
1851	403	1
1852	403	1
1853	403	2
1854	403	2
1855	403	2
1856	403	2
1857	405	2
1858	405	2
1859	406	1
1860	406	1
1861	406	2
1862	406	2
1863	406	2
1864	406	2
1865	407	1
1866	407	1
1867	408	1
1868	408	1
1869	408	1
1870	408	1
1871	408	2
1872	408	2
1873	408	2
1874	409	1
1875	409	1
1876	409	1
1877	409	1
1878	409	2
1879	409	2
1880	409	2
1881	410	1
1882	410	1
1883	410	1
1884	410	2
1885	410	2
1886	411	1
1887	411	1
1888	412	1
1889	412	1
1890	412	1
1891	412	1
1892	412	2
1893	412	2
1894	412	2
1895	412	2
1896	413	1
1897	413	1
1898	413	1
1899	414	1
1900	414	1
1901	414	1
1902	414	2
1903	414	2
1904	414	2
1905	415	1
1906	415	1
1907	415	1
1908	415	2
1909	415	2
1910	415	2
1911	416	1
1912	416	1
1913	416	2
1914	416	2
1915	416	2
1916	416	2
1917	417	1
1918	417	1
1919	417	1
1920	417	1
1921	417	2
1922	417	2
1923	418	1
1924	418	1
1925	418	1
1926	418	1
1927	418	2
1928	418	2
1929	418	2
1930	418	2
1931	420	1
1932	420	1
1933	420	2
1934	420	2
1935	420	2
1936	421	2
1937	421	2
1938	421	2
1939	421	2
1940	422	2
1941	422	2
1942	423	1
1943	423	1
1944	423	2
1945	423	2
1946	424	1
1947	424	1
1948	424	1
1949	424	2
1950	424	2
1951	425	2
1952	425	2
1953	426	2
1954	426	2
1955	426	2
1956	427	1
1957	427	1
1958	427	1
1959	427	1
1960	428	1
1961	428	1
1962	428	1
1963	428	1
1964	428	2
1965	428	2
1966	429	1
1967	429	1
1968	429	2
1969	429	2
1970	429	2
1971	429	2
1972	430	2
1973	430	2
1974	430	2
1975	430	2
1976	431	2
1977	431	2
1978	431	2
1979	432	1
1980	432	1
1981	432	1
1982	432	2
1983	432	2
1984	433	1
1985	433	1
1986	433	1
1987	433	1
1988	433	2
1989	433	2
1990	434	1
1991	434	1
1992	434	1
1993	434	1
1994	434	2
1995	434	2
1996	434	2
1997	434	2
1998	435	1
1999	435	1
2000	436	1
2001	436	1
2002	436	1
2003	436	2
2004	436	2
2005	436	2
2006	437	1
2007	437	1
2008	437	2
2009	437	2
2010	437	2
2011	437	2
2012	438	1
2013	438	1
2014	438	2
2015	438	2
2016	438	2
2017	439	1
2018	439	1
2019	439	1
2020	439	1
2021	439	2
2022	439	2
2023	440	1
2024	440	1
2025	440	2
2026	440	2
2027	441	1
2028	441	1
2029	442	1
2030	442	1
2031	442	1
2032	443	1
2033	443	1
2034	443	1
2035	443	2
2036	443	2
2037	443	2
2038	443	2
2039	444	1
2040	444	1
2041	444	1
2042	444	1
2043	444	2
2044	444	2
2045	444	2
2046	444	2
2047	445	1
2048	445	1
2049	445	1
2050	445	2
2051	445	2
2052	445	2
2053	446	1
2054	446	1
2055	446	2
2056	446	2
2057	447	1
2058	447	1
2059	447	1
2060	447	1
2061	447	2
2062	447	2
2063	447	2
2064	448	1
2065	448	1
2066	448	2
2067	448	2
2068	448	2
2069	449	2
2070	449	2
2071	449	2
2072	449	2
2073	450	1
2074	450	1
2075	450	1
2076	450	2
2077	450	2
2078	450	2
2079	450	2
2080	451	1
2081	451	1
2082	451	2
2083	451	2
2084	451	2
2085	452	2
2086	452	2
2087	452	2
2088	452	2
2089	453	1
2090	453	1
2091	453	1
2092	453	2
2093	453	2
2094	454	1
2095	454	1
2096	455	1
2097	455	1
2098	455	1
2099	455	1
2100	456	1
2101	456	1
2102	456	2
2103	456	2
2104	456	2
2105	456	2
2106	457	1
2107	457	1
2108	457	2
2109	457	2
2110	457	2
2111	457	2
2112	458	1
2113	458	1
2114	458	2
2115	458	2
2116	458	2
2117	458	2
2118	459	2
2119	459	2
2120	460	1
2121	460	1
2122	460	1
2123	460	1
2124	460	2
2125	460	2
2126	460	2
2127	460	2
2128	461	1
2129	461	1
2130	461	2
2131	461	2
2132	461	2
2133	461	2
2134	462	1
2135	462	1
2136	462	2
2137	462	2
2138	462	2
2139	463	1
2140	463	1
2141	463	1
2142	463	2
2143	463	2
2144	464	1
2145	464	1
2146	464	1
2147	464	1
2148	464	2
2149	464	2
2150	464	2
2151	465	1
2152	465	1
2153	465	2
2154	465	2
2155	465	2
2156	466	1
2157	466	1
2158	467	1
2159	467	1
2160	467	1
2161	467	1
2162	467	2
2163	467	2
2164	467	2
2165	468	1
2166	468	1
2167	468	1
2168	468	1
2169	468	2
2170	468	2
2171	468	2
2172	468	2
2173	469	2
2174	469	2
2175	469	2
2176	470	1
2177	470	1
2178	471	1
2179	471	1
2180	471	1
2181	471	2
2182	471	2
2183	471	2
2184	471	2
2185	472	2
2186	472	2
2187	473	1
2188	473	1
2189	473	2
2190	473	2
2191	473	2
2192	474	2
2193	474	2
2194	474	2
2195	474	2
2196	475	2
2197	475	2
2198	476	1
2199	476	1
2200	476	1
2201	476	2
2202	476	2
2203	476	2
2204	476	2
2205	477	2
2206	477	2
2207	477	2
2208	478	1
2209	478	1
2210	478	2
2211	478	2
2212	478	2
2213	479	1
2214	479	1
2215	479	2
2216	479	2
2217	479	2
2218	480	1
2219	480	1
2220	480	2
2221	480	2
2222	481	1
2223	481	1
2224	481	1
2225	481	2
2226	481	2
2227	481	2
2228	482	1
2229	482	1
2230	482	1
2231	483	1
2232	483	1
2233	483	1
2234	483	2
2235	483	2
2236	484	1
2237	484	1
2238	484	1
2239	484	1
2240	484	2
2241	484	2
2242	484	2
2243	485	2
2244	485	2
2245	485	2
2246	486	1
2247	486	1
2248	486	1
2249	486	1
2250	486	2
2251	486	2
2252	487	2
2253	487	2
2254	487	2
2255	488	1
2256	488	1
2257	488	2
2258	488	2
2259	488	2
2260	489	1
2261	489	1
2262	489	1
2263	489	1
2264	489	2
2265	489	2
2266	489	2
2267	489	2
2268	490	1
2269	490	1
2270	491	1
2271	491	1
2272	491	2
2273	491	2
2274	491	2
2275	491	2
2276	492	1
2277	492	1
2278	493	2
2279	493	2
2280	493	2
2281	494	1
2282	494	1
2283	494	1
2284	494	1
2285	494	2
2286	494	2
2287	496	1
2288	496	1
2289	496	2
2290	496	2
2291	496	2
2292	498	1
2293	498	1
2294	499	1
2295	499	1
2296	500	1
2297	500	1
2298	500	1
2299	500	1
2300	500	2
2301	500	2
2302	500	2
2303	500	2
2304	501	1
2305	501	1
2306	501	1
2307	501	2
2308	501	2
2309	502	1
2310	502	1
2311	502	1
2312	502	1
2313	502	2
2314	502	2
2315	502	2
2316	503	1
2317	503	1
2318	503	1
2319	504	1
2320	504	1
2321	504	1
2322	504	1
2323	504	2
2324	504	2
2325	505	2
2326	505	2
2327	505	2
2328	505	2
2329	506	1
2330	506	1
2331	506	1
2332	506	1
2333	506	2
2334	506	2
2335	507	2
2336	507	2
2337	508	2
2338	508	2
2339	508	2
2340	509	2
2341	509	2
2342	509	2
2343	510	1
2344	510	1
2345	510	1
2346	510	1
2347	511	1
2348	511	1
2349	511	2
2350	511	2
2351	511	2
2352	512	1
2353	512	1
2354	512	2
2355	512	2
2356	512	2
2357	512	2
2358	513	2
2359	513	2
2360	514	1
2361	514	1
2362	514	2
2363	514	2
2364	514	2
2365	514	2
2366	515	2
2367	515	2
2368	516	2
2369	516	2
2370	516	2
2371	517	2
2372	517	2
2373	518	1
2374	518	1
2375	518	2
2376	518	2
2377	518	2
2378	518	2
2379	519	2
2380	519	2
2381	519	2
2382	519	2
2383	520	1
2384	520	1
2385	521	1
2386	521	1
2387	521	1
2388	521	1
2389	521	2
2390	521	2
2391	521	2
2392	522	2
2393	522	2
2394	523	1
2395	523	1
2396	524	1
2397	524	1
2398	524	2
2399	524	2
2400	524	2
2401	524	2
2402	525	1
2403	525	1
2404	525	1
2405	525	1
2406	525	2
2407	525	2
2408	525	2
2409	525	2
2410	526	2
2411	526	2
2412	526	2
2413	526	2
2414	527	1
2415	527	1
2416	527	2
2417	527	2
2418	527	2
2419	527	2
2420	528	1
2421	528	1
2422	528	1
2423	529	1
2424	529	1
2425	529	1
2426	529	1
2427	530	1
2428	530	1
2429	530	1
2430	531	1
2431	531	1
2432	531	1
2433	531	1
2434	531	2
2435	531	2
2436	531	2
2437	531	2
2438	532	2
2439	532	2
2440	532	2
2441	532	2
2442	533	1
2443	533	1
2444	533	1
2445	534	1
2446	534	1
2447	534	2
2448	534	2
2449	534	2
2450	535	1
2451	535	1
2452	535	1
2453	535	1
2454	536	1
2455	536	1
2456	536	1
2457	536	2
2458	536	2
2459	537	2
2460	537	2
2461	537	2
2462	538	2
2463	538	2
2464	538	2
2465	539	1
2466	539	1
2467	540	1
2468	540	1
2469	540	1
2470	541	2
2471	541	2
2472	542	1
2473	542	1
2474	542	1
2475	542	1
2476	542	2
2477	542	2
2478	543	1
2479	543	1
2480	544	1
2481	544	1
2482	544	2
2483	544	2
2484	545	1
2485	545	1
2486	545	1
2487	545	1
2488	545	2
2489	545	2
2490	546	2
2491	546	2
2492	546	2
2493	546	2
2494	547	2
2495	547	2
2496	548	1
2497	548	1
2498	549	1
2499	549	1
2500	549	2
2501	549	2
2502	550	1
2503	550	1
2504	550	1
2505	551	1
2506	551	1
2507	551	1
2508	551	2
2509	551	2
2510	551	2
2511	552	2
2512	552	2
2513	552	2
2514	552	2
2515	553	2
2516	553	2
2517	553	2
2518	554	1
2519	554	1
2520	554	1
2521	554	1
2522	554	2
2523	554	2
2524	554	2
2525	555	1
2526	555	1
2527	555	1
2528	555	2
2529	555	2
2530	555	2
2531	555	2
2532	556	1
2533	556	1
2534	556	1
2535	556	2
2536	556	2
2537	556	2
2538	556	2
2539	557	1
2540	557	1
2541	557	2
2542	557	2
2543	557	2
2544	558	2
2545	558	2
2546	559	1
2547	559	1
2548	559	1
2549	559	1
2550	559	2
2551	559	2
2552	559	2
2553	559	2
2554	560	1
2555	560	1
2556	560	1
2557	560	2
2558	560	2
2559	561	1
2560	561	1
2561	561	1
2562	561	1
2563	562	1
2564	562	1
2565	562	1
2566	562	1
2567	562	2
2568	562	2
2569	563	1
2570	563	1
2571	563	1
2572	563	1
2573	563	2
2574	563	2
2575	563	2
2576	564	2
2577	564	2
2578	564	2
2579	565	1
2580	565	1
2581	566	1
2582	566	1
2583	567	1
2584	567	1
2585	567	2
2586	567	2
2587	568	1
2588	568	1
2589	568	2
2590	568	2
2591	569	1
2592	569	1
2593	570	1
2594	570	1
2595	570	2
2596	570	2
2597	570	2
2598	571	1
2599	571	1
2600	571	2
2601	571	2
2602	571	2
2603	571	2
2604	572	1
2605	572	1
2606	572	1
2607	572	1
2608	572	2
2609	572	2
2610	572	2
2611	572	2
2612	573	1
2613	573	1
2614	573	1
2615	573	1
2616	574	1
2617	574	1
2618	574	2
2619	574	2
2620	574	2
2621	575	1
2622	575	1
2623	575	2
2624	575	2
2625	575	2
2626	575	2
2627	576	2
2628	576	2
2629	576	2
2630	577	1
2631	577	1
2632	577	1
2633	578	1
2634	578	1
2635	578	2
2636	578	2
2637	578	2
2638	579	1
2639	579	1
2640	579	1
2641	579	1
2642	579	2
2643	579	2
2644	579	2
2645	580	1
2646	580	1
2647	580	1
2648	580	1
2649	580	2
2650	580	2
2651	581	1
2652	581	1
2653	581	1
2654	582	2
2655	582	2
2656	583	1
2657	583	1
2658	583	1
2659	583	2
2660	583	2
2661	584	1
2662	584	1
2663	585	2
2664	585	2
2665	585	2
2666	585	2
2667	586	1
2668	586	1
2669	586	1
2670	586	1
2671	586	2
2672	586	2
2673	586	2
2674	586	2
2675	587	1
2676	587	1
2677	587	1
2678	588	2
2679	588	2
2680	588	2
2681	588	2
2682	589	2
2683	589	2
2684	589	2
2685	589	2
2686	590	1
2687	590	1
2688	590	1
2689	590	2
2690	590	2
2691	590	2
2692	590	2
2693	591	2
2694	591	2
2695	591	2
2696	592	1
2697	592	1
2698	592	2
2699	592	2
2700	593	2
2701	593	2
2702	593	2
2703	593	2
2704	594	1
2705	594	1
2706	594	1
2707	595	1
2708	595	1
2709	595	1
2710	595	1
2711	595	2
2712	595	2
2713	595	2
2714	595	2
2715	596	1
2716	596	1
2717	596	2
2718	596	2
2719	596	2
2720	596	2
2721	597	2
2722	597	2
2723	597	2
2724	597	2
2725	598	1
2726	598	1
2727	598	1
2728	598	1
2729	599	1
2730	599	1
2731	599	1
2732	599	2
2733	599	2
2734	600	1
2735	600	1
2736	600	2
2737	600	2
2738	601	1
2739	601	1
2740	601	1
2741	601	2
2742	601	2
2743	602	1
2744	602	1
2745	602	2
2746	602	2
2747	602	2
2748	603	1
2749	603	1
2750	603	1
2751	603	1
2752	603	2
2753	603	2
2754	604	2
2755	604	2
2756	604	2
2757	605	2
2758	605	2
2759	606	1
2760	606	1
2761	606	2
2762	606	2
2763	606	2
2764	606	2
2765	608	1
2766	608	1
2767	608	2
2768	608	2
2769	608	2
2770	608	2
2771	609	1
2772	609	1
2773	609	1
2774	609	1
2775	609	2
2776	609	2
2777	609	2
2778	609	2
2779	610	1
2780	610	1
2781	610	2
2782	610	2
2783	610	2
2784	611	1
2785	611	1
2786	611	1
2787	611	1
2788	611	2
2789	611	2
2790	612	2
2791	612	2
2792	613	1
2793	613	1
2794	614	1
2795	614	1
2796	614	1
2797	614	2
2798	614	2
2799	614	2
2800	615	2
2801	615	2
2802	615	2
2803	615	2
2804	616	1
2805	616	1
2806	616	2
2807	616	2
2808	616	2
2809	616	2
2810	617	1
2811	617	1
2812	617	1
2813	618	2
2814	618	2
2815	618	2
2816	618	2
2817	619	1
2818	619	1
2819	619	2
2820	619	2
2821	619	2
2822	619	2
2823	620	1
2824	620	1
2825	620	2
2826	620	2
2827	620	2
2828	621	1
2829	621	1
2830	621	1
2831	621	1
2832	621	2
2833	621	2
2834	621	2
2835	621	2
2836	622	2
2837	622	2
2838	623	1
2839	623	1
2840	623	2
2841	623	2
2842	623	2
2843	624	1
2844	624	1
2845	624	1
2846	624	2
2847	624	2
2848	624	2
2849	624	2
2850	625	1
2851	625	1
2852	625	1
2853	625	2
2854	625	2
2855	625	2
2856	625	2
2857	626	2
2858	626	2
2859	626	2
2860	626	2
2861	627	2
2862	627	2
2863	627	2
2864	628	1
2865	628	1
2866	628	1
2867	628	2
2868	628	2
2869	629	2
2870	629	2
2871	629	2
2872	629	2
2873	630	2
2874	630	2
2875	630	2
2876	631	1
2877	631	1
2878	631	1
2879	631	2
2880	631	2
2881	632	1
2882	632	1
2883	632	1
2884	633	2
2885	633	2
2886	633	2
2887	634	2
2888	634	2
2889	634	2
2890	634	2
2891	635	2
2892	635	2
2893	636	1
2894	636	1
2895	636	1
2896	637	1
2897	637	1
2898	637	2
2899	637	2
2900	637	2
2901	638	1
2902	638	1
2903	638	1
2904	638	1
2905	638	2
2906	638	2
2907	638	2
2908	638	2
2909	639	2
2910	639	2
2911	639	2
2912	640	2
2913	640	2
2914	640	2
2915	641	1
2916	641	1
2917	641	1
2918	641	2
2919	641	2
2920	641	2
2921	641	2
2922	643	1
2923	643	1
2924	643	1
2925	643	2
2926	643	2
2927	643	2
2928	644	1
2929	644	1
2930	644	1
2931	644	2
2932	644	2
2933	644	2
2934	644	2
2935	645	1
2936	645	1
2937	645	1
2938	645	2
2939	645	2
2940	645	2
2941	646	1
2942	646	1
2943	646	1
2944	646	2
2945	646	2
2946	647	1
2947	647	1
2948	647	1
2949	647	2
2950	647	2
2951	647	2
2952	648	1
2953	648	1
2954	648	1
2955	648	1
2956	648	2
2957	648	2
2958	649	1
2959	649	1
2960	649	2
2961	649	2
2962	649	2
2963	649	2
2964	650	1
2965	650	1
2966	650	2
2967	650	2
2968	650	2
2969	650	2
2970	651	1
2971	651	1
2972	651	2
2973	651	2
2974	651	2
2975	651	2
2976	652	1
2977	652	1
2978	652	1
2979	652	1
2980	653	1
2981	653	1
2982	654	1
2983	654	1
2984	654	2
2985	654	2
2986	655	1
2987	655	1
2988	655	1
2989	655	2
2990	655	2
2991	655	2
2992	656	2
2993	656	2
2994	657	1
2995	657	1
2996	657	1
2997	657	1
2998	657	2
2999	657	2
3000	658	2
3001	658	2
3002	658	2
3003	658	2
3004	659	2
3005	659	2
3006	660	1
3007	660	1
3008	660	2
3009	660	2
3010	661	1
3011	661	1
3012	661	1
3013	661	1
3014	662	1
3015	662	1
3016	662	2
3017	662	2
3018	663	1
3019	663	1
3020	663	1
3021	663	2
3022	663	2
3023	664	1
3024	664	1
3025	664	2
3026	664	2
3027	664	2
3028	665	1
3029	665	1
3030	665	1
3031	665	1
3032	665	2
3033	665	2
3034	665	2
3035	666	1
3036	666	1
3037	666	1
3038	666	2
3039	666	2
3040	667	1
3041	667	1
3042	667	2
3043	667	2
3044	668	1
3045	668	1
3046	668	2
3047	668	2
3048	668	2
3049	670	1
3050	670	1
3051	670	1
3052	670	1
3053	670	2
3054	670	2
3055	670	2
3056	672	1
3057	672	1
3058	672	2
3059	672	2
3060	672	2
3061	672	2
3062	673	1
3063	673	1
3064	673	2
3065	673	2
3066	674	1
3067	674	1
3068	674	1
3069	675	1
3070	675	1
3071	676	1
3072	676	1
3073	676	2
3074	676	2
3075	676	2
3076	676	2
3077	677	1
3078	677	1
3079	677	1
3080	677	2
3081	677	2
3082	677	2
3083	677	2
3084	678	1
3085	678	1
3086	678	1
3087	678	1
3088	679	1
3089	679	1
3090	679	2
3091	679	2
3092	680	1
3093	680	1
3094	680	2
3095	680	2
3096	680	2
3097	680	2
3098	681	1
3099	681	1
3100	681	1
3101	681	2
3102	681	2
3103	681	2
3104	682	1
3105	682	1
3106	682	1
3107	683	1
3108	683	1
3109	683	1
3110	683	1
3111	683	2
3112	683	2
3113	683	2
3114	683	2
3115	684	2
3116	684	2
3117	685	2
3118	685	2
3119	686	1
3120	686	1
3121	686	1
3122	686	1
3123	687	1
3124	687	1
3125	687	1
3126	687	2
3127	687	2
3128	687	2
3129	687	2
3130	688	2
3131	688	2
3132	688	2
3133	688	2
3134	689	1
3135	689	1
3136	689	1
3137	689	1
3138	689	2
3139	689	2
3140	690	1
3141	690	1
3142	690	1
3143	690	1
3144	690	2
3145	690	2
3146	691	1
3147	691	1
3148	691	1
3149	691	2
3150	691	2
3151	692	2
3152	692	2
3153	692	2
3154	693	1
3155	693	1
3156	693	2
3157	693	2
3158	693	2
3159	694	1
3160	694	1
3161	694	1
3162	694	1
3163	694	2
3164	694	2
3165	695	1
3166	695	1
3167	696	1
3168	696	1
3169	696	2
3170	696	2
3171	696	2
3172	697	1
3173	697	1
3174	697	1
3175	697	1
3176	697	2
3177	697	2
3178	697	2
3179	697	2
3180	698	1
3181	698	1
3182	698	1
3183	698	1
3184	698	2
3185	698	2
3186	698	2
3187	699	1
3188	699	1
3189	700	2
3190	700	2
3191	700	2
3192	702	1
3193	702	1
3194	702	1
3195	702	1
3196	702	2
3197	702	2
3198	702	2
3199	702	2
3200	703	2
3201	703	2
3202	704	1
3203	704	1
3204	704	2
3205	704	2
3206	704	2
3207	705	1
3208	705	1
3209	705	1
3210	705	1
3211	706	1
3212	706	1
3213	706	2
3214	706	2
3215	706	2
3216	706	2
3217	707	1
3218	707	1
3219	707	2
3220	707	2
3221	707	2
3222	707	2
3223	708	1
3224	708	1
3225	708	2
3226	708	2
3227	709	1
3228	709	1
3229	709	2
3230	709	2
3231	709	2
3232	709	2
3233	710	1
3234	710	1
3235	710	1
3236	710	1
3237	710	2
3238	710	2
3239	711	2
3240	711	2
3241	711	2
3242	711	2
3243	714	2
3244	714	2
3245	714	2
3246	715	1
3247	715	1
3248	715	1
3249	715	1
3250	715	2
3251	715	2
3252	715	2
3253	716	1
3254	716	1
3255	716	2
3256	716	2
3257	716	2
3258	717	1
3259	717	1
3260	717	2
3261	717	2
3262	718	2
3263	718	2
3264	719	1
3265	719	1
3266	720	1
3267	720	1
3268	720	1
3269	720	2
3270	720	2
3271	720	2
3272	720	2
3273	721	1
3274	721	1
3275	722	1
3276	722	1
3277	722	2
3278	722	2
3279	723	1
3280	723	1
3281	723	1
3282	723	1
3283	723	2
3284	723	2
3285	723	2
3286	724	1
3287	724	1
3288	724	2
3289	724	2
3290	724	2
3291	724	2
3292	725	1
3293	725	1
3294	725	1
3295	725	2
3296	725	2
3297	725	2
3298	726	2
3299	726	2
3300	726	2
3301	727	1
3302	727	1
3303	727	2
3304	727	2
3305	727	2
3306	728	1
3307	728	1
3308	728	1
3309	728	2
3310	728	2
3311	729	2
3312	729	2
3313	729	2
3314	729	2
3315	730	1
3316	730	1
3317	730	1
3318	730	1
3319	730	2
3320	730	2
3321	730	2
3322	730	2
3323	731	2
3324	731	2
3325	731	2
3326	732	1
3327	732	1
3328	732	1
3329	732	1
3330	733	1
3331	733	1
3332	733	1
3333	733	1
3334	733	2
3335	733	2
3336	733	2
3337	734	1
3338	734	1
3339	734	2
3340	734	2
3341	734	2
3342	734	2
3343	735	1
3344	735	1
3345	735	1
3346	735	2
3347	735	2
3348	735	2
3349	735	2
3350	736	1
3351	736	1
3352	736	1
3353	736	1
3354	737	1
3355	737	1
3356	737	2
3357	737	2
3358	737	2
3359	737	2
3360	738	1
3361	738	1
3362	738	1
3363	738	1
3364	738	2
3365	738	2
3366	738	2
3367	738	2
3368	739	1
3369	739	1
3370	739	2
3371	739	2
3372	739	2
3373	740	2
3374	740	2
3375	740	2
3376	741	1
3377	741	1
3378	741	1
3379	741	1
3380	741	2
3381	741	2
3382	743	1
3383	743	1
3384	743	2
3385	743	2
3386	743	2
3387	743	2
3388	744	1
3389	744	1
3390	744	2
3391	744	2
3392	744	2
3393	745	1
3394	745	1
3395	745	1
3396	745	1
3397	745	2
3398	745	2
3399	745	2
3400	745	2
3401	746	1
3402	746	1
3403	746	2
3404	746	2
3405	746	2
3406	747	1
3407	747	1
3408	747	2
3409	747	2
3410	747	2
3411	748	1
3412	748	1
3413	748	1
3414	748	1
3415	748	2
3416	748	2
3417	748	2
3418	748	2
3419	749	1
3420	749	1
3421	749	2
3422	749	2
3423	750	1
3424	750	1
3425	750	1
3426	751	2
3427	751	2
3428	752	2
3429	752	2
3430	752	2
3431	753	1
3432	753	1
3433	753	1
3434	753	1
3435	753	2
3436	753	2
3437	753	2
3438	753	2
3439	754	2
3440	754	2
3441	755	1
3442	755	1
3443	755	1
3444	755	1
3445	755	2
3446	755	2
3447	755	2
3448	756	2
3449	756	2
3450	756	2
3451	757	1
3452	757	1
3453	757	1
3454	757	2
3455	757	2
3456	758	2
3457	758	2
3458	758	2
3459	759	1
3460	759	1
3461	759	2
3462	759	2
3463	759	2
3464	759	2
3465	760	1
3466	760	1
3467	760	1
3468	760	2
3469	760	2
3470	760	2
3471	760	2
3472	761	2
3473	761	2
3474	761	2
3475	762	2
3476	762	2
3477	762	2
3478	762	2
3479	763	1
3480	763	1
3481	763	1
3482	763	2
3483	763	2
3484	764	1
3485	764	1
3486	764	1
3487	764	1
3488	764	2
3489	764	2
3490	764	2
3491	764	2
3492	765	1
3493	765	1
3494	765	1
3495	765	1
3496	766	1
3497	766	1
3498	766	1
3499	767	1
3500	767	1
3501	767	1
3502	767	1
3503	767	2
3504	767	2
3505	767	2
3506	767	2
3507	768	1
3508	768	1
3509	768	1
3510	768	2
3511	768	2
3512	768	2
3513	769	2
3514	769	2
3515	770	2
3516	770	2
3517	770	2
3518	771	1
3519	771	1
3520	771	1
3521	771	2
3522	771	2
3523	771	2
3524	771	2
3525	772	1
3526	772	1
3527	772	1
3528	772	1
3529	772	2
3530	772	2
3531	773	1
3532	773	1
3533	773	1
3534	773	1
3535	773	2
3536	773	2
3537	773	2
3538	773	2
3539	774	1
3540	774	1
3541	774	1
3542	774	1
3543	775	1
3544	775	1
3545	775	1
3546	775	2
3547	775	2
3548	776	1
3549	776	1
3550	776	2
3551	776	2
3552	776	2
3553	777	1
3554	777	1
3555	777	1
3556	777	2
3557	777	2
3558	777	2
3559	778	1
3560	778	1
3561	778	1
3562	778	1
3563	778	2
3564	778	2
3565	779	2
3566	779	2
3567	780	2
3568	780	2
3569	780	2
3570	781	2
3571	781	2
3572	782	1
3573	782	1
3574	782	1
3575	782	2
3576	782	2
3577	782	2
3578	783	1
3579	783	1
3580	783	1
3581	783	1
3582	784	1
3583	784	1
3584	784	1
3585	784	2
3586	784	2
3587	784	2
3588	785	1
3589	785	1
3590	785	1
3591	785	1
3592	785	2
3593	785	2
3594	786	1
3595	786	1
3596	786	1
3597	786	2
3598	786	2
3599	786	2
3600	786	2
3601	787	1
3602	787	1
3603	787	1
3604	788	1
3605	788	1
3606	788	2
3607	788	2
3608	789	1
3609	789	1
3610	789	1
3611	789	1
3612	789	2
3613	789	2
3614	789	2
3615	789	2
3616	790	1
3617	790	1
3618	790	1
3619	790	1
3620	790	2
3621	790	2
3622	790	2
3623	791	1
3624	791	1
3625	791	2
3626	791	2
3627	791	2
3628	791	2
3629	792	2
3630	792	2
3631	792	2
3632	793	1
3633	793	1
3634	793	1
3635	793	1
3636	794	1
3637	794	1
3638	794	2
3639	794	2
3640	795	1
3641	795	1
3642	795	1
3643	795	1
3644	796	1
3645	796	1
3646	796	2
3647	796	2
3648	796	2
3649	797	1
3650	797	1
3651	797	2
3652	797	2
3653	797	2
3654	798	1
3655	798	1
3656	798	2
3657	798	2
3658	799	1
3659	799	1
3660	800	1
3661	800	1
3662	800	2
3663	800	2
3664	800	2
3665	800	2
3666	803	1
3667	803	1
3668	803	1
3669	803	1
3670	803	2
3671	803	2
3672	804	1
3673	804	1
3674	804	1
3675	804	1
3676	804	2
3677	804	2
3678	804	2
3679	805	1
3680	805	1
3681	805	2
3682	805	2
3683	805	2
3684	806	1
3685	806	1
3686	806	1
3687	806	2
3688	806	2
3689	807	1
3690	807	1
3691	807	1
3692	807	2
3693	807	2
3694	808	2
3695	808	2
3696	809	2
3697	809	2
3698	809	2
3699	809	2
3700	810	1
3701	810	1
3702	810	1
3703	810	1
3704	810	2
3705	810	2
3706	810	2
3707	811	1
3708	811	1
3709	811	1
3710	812	1
3711	812	1
3712	812	1
3713	812	2
3714	812	2
3715	812	2
3716	813	2
3717	813	2
3718	813	2
3719	813	2
3720	814	1
3721	814	1
3722	814	1
3723	814	2
3724	814	2
3725	814	2
3726	814	2
3727	815	1
3728	815	1
3729	815	1
3730	816	1
3731	816	1
3732	816	1
3733	816	1
3734	816	2
3735	816	2
3736	816	2
3737	817	1
3738	817	1
3739	818	1
3740	818	1
3741	818	1
3742	818	2
3743	818	2
3744	819	1
3745	819	1
3746	819	1
3747	820	1
3748	820	1
3749	820	1
3750	820	1
3751	820	2
3752	820	2
3753	821	2
3754	821	2
3755	821	2
3756	821	2
3757	822	2
3758	822	2
3759	823	1
3760	823	1
3761	823	1
3762	823	2
3763	823	2
3764	823	2
3765	823	2
3766	824	2
3767	824	2
3768	824	2
3769	824	2
3770	825	1
3771	825	1
3772	825	1
3773	826	2
3774	826	2
3775	827	1
3776	827	1
3777	827	2
3778	827	2
3779	827	2
3780	827	2
3781	828	2
3782	828	2
3783	828	2
3784	828	2
3785	829	1
3786	829	1
3787	829	2
3788	829	2
3789	829	2
3790	830	2
3791	830	2
3792	830	2
3793	830	2
3794	831	1
3795	831	1
3796	831	1
3797	832	1
3798	832	1
3799	832	1
3800	832	1
3801	833	1
3802	833	1
3803	833	1
3804	833	2
3805	833	2
3806	833	2
3807	833	2
3808	834	2
3809	834	2
3810	834	2
3811	835	1
3812	835	1
3813	835	1
3814	835	1
3815	835	2
3816	835	2
3817	835	2
3818	835	2
3819	836	1
3820	836	1
3821	836	1
3822	837	2
3823	837	2
3824	837	2
3825	838	1
3826	838	1
3827	838	2
3828	838	2
3829	838	2
3830	838	2
3831	839	2
3832	839	2
3833	840	1
3834	840	1
3835	840	1
3836	840	1
3837	841	1
3838	841	1
3839	841	1
3840	841	2
3841	841	2
3842	841	2
3843	841	2
3844	842	1
3845	842	1
3846	842	2
3847	842	2
3848	843	1
3849	843	1
3850	843	1
3851	843	1
3852	843	2
3853	843	2
3854	843	2
3855	844	1
3856	844	1
3857	844	2
3858	844	2
3859	845	1
3860	845	1
3861	845	1
3862	845	1
3863	845	2
3864	845	2
3865	845	2
3866	846	1
3867	846	1
3868	846	1
3869	846	1
3870	846	2
3871	846	2
3872	846	2
3873	846	2
3874	847	2
3875	847	2
3876	847	2
3877	847	2
3878	848	1
3879	848	1
3880	848	1
3881	849	1
3882	849	1
3883	849	1
3884	849	1
3885	849	2
3886	849	2
3887	849	2
3888	849	2
3889	850	1
3890	850	1
3891	850	1
3892	850	2
3893	850	2
3894	850	2
3895	850	2
3896	851	1
3897	851	1
3898	851	1
3899	851	2
3900	851	2
3901	851	2
3902	852	1
3903	852	1
3904	852	1
3905	852	1
3906	852	2
3907	852	2
3908	852	2
3909	853	1
3910	853	1
3911	853	1
3912	854	2
3913	854	2
3914	854	2
3915	854	2
3916	855	1
3917	855	1
3918	855	2
3919	855	2
3920	856	1
3921	856	1
3922	856	1
3923	856	1
3924	856	2
3925	856	2
3926	856	2
3927	856	2
3928	857	1
3929	857	1
3930	857	1
3931	857	2
3932	857	2
3933	857	2
3934	857	2
3935	858	2
3936	858	2
3937	858	2
3938	858	2
3939	859	1
3940	859	1
3941	859	1
3942	859	2
3943	859	2
3944	859	2
3945	861	1
3946	861	1
3947	861	1
3948	861	2
3949	861	2
3950	861	2
3951	862	1
3952	862	1
3953	862	1
3954	862	2
3955	862	2
3956	863	1
3957	863	1
3958	863	1
3959	863	1
3960	863	2
3961	863	2
3962	863	2
3963	864	1
3964	864	1
3965	864	1
3966	864	1
3967	864	2
3968	864	2
3969	865	1
3970	865	1
3971	865	1
3972	865	1
3973	865	2
3974	865	2
3975	866	2
3976	866	2
3977	867	1
3978	867	1
3979	867	1
3980	867	1
3981	868	1
3982	868	1
3983	868	1
3984	869	1
3985	869	1
3986	869	1
3987	869	1
3988	869	2
3989	869	2
3990	869	2
3991	870	1
3992	870	1
3993	870	1
3994	870	1
3995	870	2
3996	870	2
3997	870	2
3998	870	2
3999	871	1
4000	871	1
4001	871	2
4002	871	2
4003	871	2
4004	872	2
4005	872	2
4006	872	2
4007	873	1
4008	873	1
4009	873	1
4010	873	1
4011	873	2
4012	873	2
4013	873	2
4014	873	2
4015	875	1
4016	875	1
4017	875	1
4018	875	2
4019	875	2
4020	875	2
4021	875	2
4022	876	1
4023	876	1
4024	877	1
4025	877	1
4026	877	1
4027	877	2
4028	877	2
4029	878	2
4030	878	2
4031	878	2
4032	878	2
4033	879	1
4034	879	1
4035	879	1
4036	879	1
4037	879	2
4038	879	2
4039	879	2
4040	880	1
4041	880	1
4042	880	1
4043	880	1
4044	880	2
4045	880	2
4046	880	2
4047	880	2
4048	881	2
4049	881	2
4050	881	2
4051	881	2
4052	882	1
4053	882	1
4054	882	1
4055	882	1
4056	883	2
4057	883	2
4058	884	2
4059	884	2
4060	884	2
4061	885	1
4062	885	1
4063	886	1
4064	886	1
4065	886	1
4066	886	1
4067	887	1
4068	887	1
4069	887	1
4070	887	1
4071	887	2
4072	887	2
4073	888	1
4074	888	1
4075	888	1
4076	888	1
4077	889	1
4078	889	1
4079	889	1
4080	890	1
4081	890	1
4082	890	1
4083	890	2
4084	890	2
4085	890	2
4086	890	2
4087	891	1
4088	891	1
4089	891	1
4090	891	2
4091	891	2
4092	891	2
4093	891	2
4094	892	1
4095	892	1
4096	892	1
4097	892	2
4098	892	2
4099	892	2
4100	892	2
4101	893	1
4102	893	1
4103	893	1
4104	893	1
4105	893	2
4106	893	2
4107	893	2
4108	893	2
4109	894	1
4110	894	1
4111	894	1
4112	894	2
4113	894	2
4114	895	1
4115	895	1
4116	895	1
4117	895	1
4118	895	2
4119	895	2
4120	895	2
4121	896	1
4122	896	1
4123	896	2
4124	896	2
4125	897	1
4126	897	1
4127	897	1
4128	897	1
4129	897	2
4130	897	2
4131	897	2
4132	897	2
4133	898	1
4134	898	1
4135	898	1
4136	898	2
4137	898	2
4138	899	1
4139	899	1
4140	899	1
4141	900	1
4142	900	1
4143	900	2
4144	900	2
4145	901	1
4146	901	1
4147	901	1
4148	901	1
4149	901	2
4150	901	2
4151	901	2
4152	902	1
4153	902	1
4154	902	1
4155	902	1
4156	902	2
4157	902	2
4158	902	2
4159	903	2
4160	903	2
4161	904	1
4162	904	1
4163	905	1
4164	905	1
4165	905	1
4166	906	1
4167	906	1
4168	906	2
4169	906	2
4170	906	2
4171	907	1
4172	907	1
4173	907	1
4174	907	1
4175	908	1
4176	908	1
4177	908	2
4178	908	2
4179	910	2
4180	910	2
4181	911	1
4182	911	1
4183	911	1
4184	911	1
4185	911	2
4186	911	2
4187	911	2
4188	911	2
4189	912	1
4190	912	1
4191	912	1
4192	912	2
4193	912	2
4194	912	2
4195	913	1
4196	913	1
4197	913	1
4198	913	1
4199	913	2
4200	913	2
4201	914	1
4202	914	1
4203	914	2
4204	914	2
4205	914	2
4206	914	2
4207	915	1
4208	915	1
4209	915	1
4210	915	1
4211	915	2
4212	915	2
4213	916	1
4214	916	1
4215	916	2
4216	916	2
4217	917	1
4218	917	1
4219	917	1
4220	917	2
4221	917	2
4222	918	2
4223	918	2
4224	918	2
4225	918	2
4226	919	1
4227	919	1
4228	919	1
4229	919	1
4230	920	1
4231	920	1
4232	920	1
4233	920	2
4234	920	2
4235	921	1
4236	921	1
4237	921	2
4238	921	2
4239	922	1
4240	922	1
4241	922	1
4242	922	2
4243	922	2
4244	922	2
4245	922	2
4246	923	2
4247	923	2
4248	923	2
4249	924	1
4250	924	1
4251	924	2
4252	924	2
4253	924	2
4254	925	1
4255	925	1
4256	925	1
4257	925	2
4258	925	2
4259	926	2
4260	926	2
4261	927	1
4262	927	1
4263	927	1
4264	927	1
4265	928	1
4266	928	1
4267	928	1
4268	929	1
4269	929	1
4270	929	1
4271	929	1
4272	930	1
4273	930	1
4274	930	1
4275	930	2
4276	930	2
4277	930	2
4278	931	2
4279	931	2
4280	931	2
4281	932	1
4282	932	1
4283	932	2
4284	932	2
4285	933	1
4286	933	1
4287	933	1
4288	934	2
4289	934	2
4290	934	2
4291	935	2
4292	935	2
4293	936	1
4294	936	1
4295	936	2
4296	936	2
4297	936	2
4298	936	2
4299	937	1
4300	937	1
4301	937	2
4302	937	2
4303	937	2
4304	938	1
4305	938	1
4306	938	1
4307	938	1
4308	938	2
4309	938	2
4310	939	2
4311	939	2
4312	939	2
4313	939	2
4314	940	1
4315	940	1
4316	940	1
4317	941	1
4318	941	1
4319	941	1
4320	941	1
4321	941	2
4322	941	2
4323	941	2
4324	942	1
4325	942	1
4326	942	2
4327	942	2
4328	944	1
4329	944	1
4330	944	2
4331	944	2
4332	944	2
4333	945	1
4334	945	1
4335	945	1
4336	945	1
4337	945	2
4338	945	2
4339	945	2
4340	945	2
4341	946	2
4342	946	2
4343	946	2
4344	946	2
4345	947	1
4346	947	1
4347	948	1
4348	948	1
4349	948	2
4350	948	2
4351	948	2
4352	948	2
4353	949	1
4354	949	1
4355	949	1
4356	949	1
4357	949	2
4358	949	2
4359	951	1
4360	951	1
4361	951	1
4362	951	2
4363	951	2
4364	951	2
4365	951	2
4366	952	1
4367	952	1
4368	952	1
4369	953	1
4370	953	1
4371	953	1
4372	953	1
4373	953	2
4374	953	2
4375	956	1
4376	956	1
4377	956	1
4378	956	1
4379	957	1
4380	957	1
4381	957	1
4382	957	2
4383	957	2
4384	958	1
4385	958	1
4386	958	1
4387	958	2
4388	958	2
4389	958	2
4390	959	1
4391	959	1
4392	960	2
4393	960	2
4394	960	2
4395	961	1
4396	961	1
4397	961	1
4398	961	2
4399	961	2
4400	962	1
4401	962	1
4402	962	1
4403	962	1
4404	963	1
4405	963	1
4406	963	2
4407	963	2
4408	963	2
4409	964	1
4410	964	1
4411	964	1
4412	964	2
4413	964	2
4414	965	1
4415	965	1
4416	966	1
4417	966	1
4418	966	2
4419	966	2
4420	966	2
4421	966	2
4422	967	1
4423	967	1
4424	967	1
4425	967	2
4426	967	2
4427	968	1
4428	968	1
4429	968	1
4430	969	1
4431	969	1
4432	969	1
4433	969	1
4434	970	1
4435	970	1
4436	970	1
4437	970	2
4438	970	2
4439	970	2
4440	970	2
4441	971	1
4442	971	1
4443	971	1
4444	971	1
4445	972	1
4446	972	1
4447	972	1
4448	972	2
4449	972	2
4450	972	2
4451	973	1
4452	973	1
4453	973	1
4454	973	1
4455	973	2
4456	973	2
4457	973	2
4458	973	2
4459	974	1
4460	974	1
4461	975	1
4462	975	1
4463	975	2
4464	975	2
4465	975	2
4466	976	1
4467	976	1
4468	976	2
4469	976	2
4470	976	2
4471	976	2
4472	977	2
4473	977	2
4474	977	2
4475	978	1
4476	978	1
4477	978	1
4478	979	1
4479	979	1
4480	979	1
4481	979	1
4482	979	2
4483	979	2
4484	979	2
4485	980	1
4486	980	1
4487	980	1
4488	980	2
4489	980	2
4490	981	1
4491	981	1
4492	981	1
4493	981	2
4494	981	2
4495	981	2
4496	982	1
4497	982	1
4498	982	1
4499	982	2
4500	982	2
4501	982	2
4502	982	2
4503	983	1
4504	983	1
4505	983	1
4506	984	1
4507	984	1
4508	985	1
4509	985	1
4510	985	1
4511	985	1
4512	985	2
4513	985	2
4514	985	2
4515	986	1
4516	986	1
4517	986	1
4518	986	1
4519	986	2
4520	986	2
4521	987	1
4522	987	1
4523	987	2
4524	987	2
4525	988	1
4526	988	1
4527	988	1
4528	988	2
4529	988	2
4530	989	1
4531	989	1
4532	989	1
4533	989	1
4534	989	2
4535	989	2
4536	990	2
4537	990	2
4538	991	1
4539	991	1
4540	991	2
4541	991	2
4542	991	2
4543	992	2
4544	992	2
4545	992	2
4546	992	2
4547	993	1
4548	993	1
4549	993	1
4550	993	1
4551	993	2
4552	993	2
4553	993	2
4554	994	1
4555	994	1
4556	994	1
4557	995	1
4558	995	1
4559	995	1
4560	995	1
4561	995	2
4562	995	2
4563	996	1
4564	996	1
4565	997	1
4566	997	1
4567	998	2
4568	998	2
4569	999	1
4570	999	1
4571	999	2
4572	999	2
4573	999	2
4574	1000	1
4575	1000	1
4576	1000	1
4577	1000	1
4578	1000	2
4579	1000	2
4580	1000	2
4581	1000	2
\.


--
-- Data for Name: rental; Type: TABLE DATA; Schema: public; Owner: jbedbtdev
--

COPY public.rental (rental_id, inventory_id) FROM stdin;
2	1525
3	1711
4	2452
5	2079
6	2792
7	3995
8	2346
9	2580
10	1824
11	4443
12	1584
13	2294
14	2701
15	3049
16	389
17	830
18	3376
19	1941
20	3517
21	146
22	727
23	4441
24	3273
25	3961
26	4371
27	1225
28	4068
29	611
30	3744
31	4482
32	3832
33	1681
34	2613
35	1286
36	1308
37	403
38	2540
39	4466
40	2638
41	1761
42	380
43	2578
44	3098
45	1853
46	3318
47	2211
48	1780
49	2965
50	1983
51	1257
52	4017
53	1255
54	2787
55	1139
56	1352
57	3938
58	3050
59	2884
60	330
61	4210
62	261
63	4008
64	79
65	3552
66	1162
67	239
68	4029
69	3207
70	2168
71	2408
72	2260
73	517
74	1744
75	3393
76	3021
77	1303
78	4067
79	3299
80	2478
81	2610
82	1388
83	466
84	1829
85	470
86	2275
87	1586
88	2221
89	2181
90	2984
91	139
92	775
93	4360
94	1675
95	178
96	3418
97	1283
98	2970
99	535
100	2599
101	617
102	373
103	3343
104	4281
105	794
106	3627
107	2833
108	3289
109	1044
110	4108
111	3725
112	2153
113	2963
114	4502
115	749
116	4453
117	4278
118	872
119	1359
120	37
121	1053
122	2908
123	1795
124	212
125	952
126	2047
127	2026
128	4322
129	4154
130	3990
131	815
132	3367
133	399
134	2272
135	103
136	2296
137	2591
138	4134
139	327
140	655
141	811
142	4407
143	847
144	1689
145	3905
146	1431
147	633
148	4252
149	1084
150	909
151	2942
152	2622
153	3888
154	1354
155	288
156	3193
157	887
158	2395
159	3453
160	1885
161	2941
162	1229
163	2306
164	1070
165	2735
166	3894
167	865
168	2714
169	1758
170	3688
171	4483
172	2873
173	3596
174	3954
175	4346
176	851
177	3545
178	1489
179	2575
180	2752
181	2417
182	4396
183	2877
184	1970
185	2598
186	1799
187	4004
188	3342
189	984
190	3962
191	4365
192	1897
193	3900
194	1337
195	506
196	190
197	4212
198	1789
199	2135
200	3926
201	776
202	674
203	3374
204	1842
205	303
206	1717
207	102
208	3669
209	729
210	1801
211	4005
212	764
213	1505
214	1453
215	679
216	1398
217	4395
218	2291
219	3074
220	1259
221	3578
222	2745
223	3121
224	4285
225	651
226	4181
227	214
228	511
229	1131
230	1085
231	4032
232	2945
233	715
234	1321
235	3537
236	1265
237	241
238	503
239	131
240	3420
241	4438
242	2095
243	1721
244	1041
245	3045
246	2829
247	4095
248	1913
249	2428
250	368
251	4352
252	1203
253	2969
254	1835
255	3264
256	3194
257	2570
258	3534
259	30
260	435
261	1369
262	4261
263	1160
264	2069
265	2276
266	3303
267	1206
268	1714
269	3501
270	207
271	2388
272	971
273	1590
274	656
275	1718
276	1221
277	1409
278	182
279	661
280	1896
281	1208
282	4486
283	3530
284	350
285	2486
286	314
287	3631
288	3546
289	2449
290	2776
291	485
292	4264
293	1828
294	2751
295	4030
296	3878
297	1594
298	1083
299	4376
300	249
301	3448
302	2921
303	1111
304	1701
305	2665
306	2781
307	1097
308	187
309	1946
310	593
311	2830
312	2008
313	4156
314	2851
315	2847
316	3828
317	26
318	2559
319	3024
320	1090
322	4556
323	2362
324	3364
325	2510
326	3979
327	2678
328	2524
329	2659
330	1536
331	1872
332	1529
333	4001
334	3973
335	1411
336	1811
337	751
338	2596
339	2410
340	946
341	4168
342	4019
343	3301
344	2327
345	1396
346	4319
347	1625
348	1825
349	2920
350	2756
351	3371
352	4369
353	3989
354	2058
355	141
356	2868
357	4417
358	1925
359	1156
360	3489
361	6
362	2324
363	4282
364	833
365	2887
366	360
367	3437
368	1247
369	944
370	3347
371	1235
372	4089
373	1649
374	4420
375	1815
376	3197
377	3012
378	2242
379	3462
380	1777
381	2748
382	4358
383	955
384	910
385	1565
386	1288
387	2684
388	434
389	691
390	3759
391	2193
392	263
393	145
394	1890
395	752
396	1020
397	4193
398	1686
399	553
400	258
401	2179
402	461
403	3983
404	1293
405	4090
406	2136
407	1077
408	1438
409	3652
410	4010
411	1434
412	1400
413	3516
414	1019
415	3698
416	2371
417	2253
418	3063
419	2514
420	619
421	2985
422	1152
423	1783
424	2815
425	1518
426	1103
427	1677
428	3349
429	129
430	1920
431	4507
432	1119
433	4364
434	3360
435	3328
436	4317
437	1800
438	4260
439	354
440	4452
441	1578
442	1457
443	2021
444	723
445	1757
446	1955
447	3890
448	2671
449	2469
450	1343
451	205
452	2993
453	4425
454	3499
455	3344
456	1699
457	2368
458	3350
459	597
460	4238
461	2077
462	2314
463	826
464	1313
465	20
466	1786
467	339
468	2656
469	4463
470	1613
471	2872
472	1338
473	802
474	1474
475	2520
476	2451
477	2437
478	424
479	2060
480	2108
481	72
482	4178
483	1510
484	3115
485	2392
486	1822
487	3774
488	393
489	1940
490	3524
491	1326
492	1999
493	184
494	1850
495	1007
496	1785
497	2636
498	458
499	2381
500	4500
501	601
502	3131
503	3005
504	2086
505	71
506	667
507	3621
508	4179
509	3416
510	4338
511	3827
512	2176
513	225
514	1697
515	3369
516	4357
517	234
518	4087
519	3564
520	3845
521	2397
522	3195
523	1905
524	1962
525	1817
526	1387
527	266
528	1655
529	2624
530	3332
531	1113
532	2793
533	4306
534	992
535	4209
536	2962
537	3095
538	2262
539	3427
540	3321
541	1662
542	4444
543	530
544	2964
545	1086
546	487
547	2065
548	3704
549	1818
550	3632
551	3119
552	23
553	1349
554	1951
555	4397
556	1814
557	158
558	4163
559	1227
560	644
561	928
562	3390
563	53
564	2973
565	1494
566	4330
567	3308
568	2232
569	4534
570	1122
571	4250
572	1899
573	4020
574	3883
575	4451
576	1866
577	375
578	2938
579	3481
580	3515
581	1380
582	4579
583	2679
584	1833
585	3544
586	898
587	1413
588	95
589	4231
590	473
591	377
592	638
593	1810
594	2766
595	595
596	821
597	4469
598	599
599	4136
600	1567
601	3225
602	1300
603	3248
604	1585
605	4232
606	3509
607	2561
608	4254
609	2944
610	3642
611	1230
612	2180
613	270
614	280
615	3397
616	989
617	4142
618	4445
619	2482
620	2444
621	1144
622	2363
623	1222
624	3660
625	2889
626	452
627	425
628	2513
629	1527
630	1254
631	2465
632	1287
633	58
634	2630
635	1648
636	4213
637	1581
638	2685
639	4204
640	495
641	3548
642	140
643	3105
644	4304
645	3128
646	1922
647	3435
648	3476
649	1781
650	4384
651	739
652	1201
653	126
654	2312
655	331
656	2846
657	848
658	3226
659	1382
660	1414
661	2247
662	2968
663	3997
664	87
665	1012
666	3075
667	797
668	3528
669	3677
670	227
671	1027
672	697
673	1769
674	1150
675	1273
676	2329
677	4558
678	3741
679	907
680	4147
681	3346
682	3160
683	2038
684	3242
685	1385
686	2441
687	1731
688	4135
689	742
690	2646
691	4034
692	800
693	635
694	592
695	4276
696	2076
697	3949
698	1412
699	130
700	500
701	372
702	2556
703	1123
704	2628
705	2809
706	2278
707	819
708	3133
709	2459
710	194
711	4581
712	4191
713	3664
714	2010
715	2030
716	85
717	1383
718	1736
719	267
720	3687
721	1116
722	4540
723	3407
724	3770
725	4088
726	933
727	1629
728	242
729	1688
730	3473
731	4124
732	2530
733	2951
734	3084
735	3421
736	3689
737	769
738	2284
739	1183
740	600
741	3189
742	273
743	2528
744	3722
745	581
746	4272
747	1993
748	2803
749	1146
750	730
751	2711
752	1720
753	1021
754	734
755	3090
756	3152
757	1067
758	1191
759	2367
760	3250
761	2342
762	3683
763	2022
764	1069
765	515
766	2154
767	687
768	2895
769	1523
770	2491
771	353
772	3319
773	245
774	1188
775	1197
776	4339
777	451
778	1816
779	533
780	1919
781	88
782	2255
783	3046
784	2936
785	39
786	2637
787	3919
788	763
789	708
790	2858
791	1554
792	2841
793	379
794	1995
795	609
796	2697
797	1446
798	1102
799	1713
800	441
801	1642
802	785
803	1602
804	3909
805	3132
806	2386
807	2195
808	1928
809	2114
810	2533
811	4419
812	1099
813	4554
814	1572
815	3757
816	630
817	186
818	4106
819	623
820	2584
821	3380
822	2634
823	3249
824	3518
825	712
826	2263
827	62
828	2468
829	1684
830	3464
831	3912
832	1381
833	2898
834	3628
835	299
836	3140
837	977
838	2859
839	1886
840	4049
841	4318
842	2328
843	2214
844	536
845	2001
846	938
847	4387
848	1363
849	2424
850	2390
851	2780
852	1622
853	3693
854	921
855	2527
856	3969
857	2569
858	1258
859	3032
860	578
861	3711
862	1186
863	3999
864	2777
865	3183
866	2867
867	3389
868	3604
869	3399
870	2903
871	4573
872	3904
873	4568
874	363
875	1428
876	1471
877	886
878	4265
879	4021
880	1819
881	602
882	3841
883	2271
884	4079
885	646
886	4356
887	2727
888	387
889	1299
890	1464
891	2611
892	471
893	3260
894	1118
895	2744
896	2817
897	1334
898	3497
899	1096
900	3543
901	760
902	1514
903	2423
904	2466
905	4372
906	1862
907	3320
908	4427
909	3775
910	2601
911	1404
912	3200
913	3213
914	1393
915	1859
916	1290
917	3629
918	818
919	4052
920	3860
921	1827
922	2442
923	1884
924	3279
925	3203
926	4327
927	1158
928	246
929	4296
930	2835
931	3384
932	719
933	3672
934	3595
935	2421
936	901
937	1054
938	1521
939	1314
940	1278
941	3630
942	4279
943	3737
944	151
945	1441
946	1264
947	4478
948	585
949	2202
950	491
951	1395
952	4389
953	2194
954	1231
955	4140
956	647
957	4428
958	548
959	3108
960	1966
961	3293
962	4535
963	1921
964	657
965	3363
966	1294
967	1954
968	119
969	443
970	1520
971	2911
972	2
973	1914
974	2617
975	3109
976	2290
977	2029
978	407
979	3917
980	4169
981	2913
982	3560
983	63
984	2305
985	1573
986	4045
987	390
988	1364
989	4388
990	4171
991	2863
992	3572
993	2080
994	2798
995	17
996	2075
997	4243
998	3395
999	4433
1000	1774
1001	1498
1002	709
1003	133
1004	1588
1005	4006
1006	3461
1007	3185
1008	914
1009	2523
1010	4038
1011	118
1012	688
1013	4522
1014	766
1015	3702
1016	3423
1017	1242
1018	1930
1019	3975
1020	3402
1021	2724
1022	842
1023	2483
1024	2310
1025	1618
1026	632
1027	2718
1028	4479
1029	2082
1030	3948
1031	917
1032	2937
1033	14
1034	4117
1035	949
1036	2164
1037	810
1038	1253
1039	2479
1040	2546
1041	4432
1042	3155
1043	2322
1044	2574
1045	3470
1046	468
1047	1366
1048	2811
1049	3913
1050	726
1051	1025
1052	2157
1053	3734
1054	1575
1055	1639
1056	1591
1057	497
1058	40
1059	3041
1060	2676
1061	965
1062	2223
1063	2484
1064	2373
1065	3379
1066	2383
1067	2345
1068	150
1069	3057
1070	3170
1071	469
1072	2557
1073	522
1074	2508
1075	2279
1076	2551
1077	1986
1078	3682
1079	268
1080	3491
1081	4524
1082	4510
1083	2393
1084	4577
1085	301
1086	2909
1087	431
1088	3988
1089	3784
1090	3329
1091	3853
1092	4412
1093	2189
1094	3810
1095	4546
1096	1066
1097	2285
1098	1050
1099	924
1100	316
1101	1174
1102	2052
1103	3154
1104	1619
1105	1708
1106	4185
1107	3449
1108	2562
1109	2031
1110	2085
1111	1137
1112	2453
1113	2078
1114	2287
1115	2140
1116	1356
1117	4125
1118	213
1119	4401
1120	2897
1121	1691
1122	1392
1123	142
1124	4560
1125	1172
1126	2765
1127	2412
1128	1496
1129	386
1130	3186
1131	2654
1132	1763
1133	4271
1134	143
1135	3118
1136	3963
1137	3259
1138	3944
1139	666
1140	3731
1141	4128
1142	3998
1143	2632
1144	2450
1145	1133
1146	3134
1147	622
1148	3307
1149	352
1150	1632
1151	1281
1152	210
1153	2725
1154	2732
1155	2048
1156	460
1157	1449
1158	1632
1159	4395
1160	2795
1161	1690
1162	987
1163	4209
1164	3691
1165	2855
1166	2508
1167	4021
1168	4368
1169	1062
1170	2444
1171	4082
1172	2685
1173	1050
1174	2653
1175	3255
1176	2715
1177	1897
1178	2553
1179	816
1180	3119
1181	2973
1182	1061
1183	706
1184	473
1185	2785
1186	1556
1187	1108
1188	246
1189	142
1190	2572
1191	2221
1192	4134
1193	4504
1194	3774
1195	2272
1196	994
1197	3812
1198	1138
1199	253
1200	3329
1201	2679
1202	2821
1203	2223
1204	2450
1205	470
1206	1097
1207	2277
1208	750
1209	1494
1210	7
1211	3360
1212	3611
1213	3191
1214	4482
1215	242
1216	3973
1217	600
1218	239
1219	3005
1220	1621
1221	2124
1222	2799
1223	1299
1224	1572
1225	1929
1226	2290
1227	654
1228	4473
1229	2140
1230	2324
1231	3003
1232	2743
1233	4214
1234	709
1235	1000
1236	3182
1237	3249
1238	3534
1239	3731
1240	3841
1241	4377
1242	821
1243	2629
1244	1026
1245	1314
1246	431
1247	4049
1248	3878
1249	2120
1250	4360
1251	3307
1252	1147
1253	3242
1254	3986
1255	1433
1256	1437
1257	1938
1258	4530
1259	4460
1260	330
1261	2447
1262	4495
1263	4144
1264	4176
1265	982
1266	2230
1267	4246
1268	3641
1269	108
1270	62
1271	379
1272	3128
1273	361
1274	2765
1275	950
1276	1508
1277	76
1278	4471
1279	698
1280	2597
1281	2963
1282	186
1283	3177
1284	1387
1285	1054
1286	774
1287	4204
1288	830
1289	3154
1290	1921
1291	3090
1292	4535
1293	2882
1294	339
1295	2897
1296	1760
1297	1075
1298	4163
1299	1584
1300	2524
1301	1484
1302	324
1303	2001
1304	1304
1305	187
1306	2132
1307	368
1308	220
1309	2356
1310	2045
1311	3114
1312	3608
1313	1657
1314	1359
1315	3844
1316	3891
1317	3696
1318	2760
1319	4296
1320	4484
1321	3516
1322	2076
1323	3273
1324	764
1325	52
1326	59
1327	403
1328	3665
1329	1154
1330	1219
1331	3089
1332	1412
1333	448
1334	1242
1335	1713
1336	1696
1337	4014
1338	1206
1339	424
1340	251
1341	3363
1342	4429
1343	2393
1344	1625
1345	1041
1346	4540
1347	374
1348	2078
1349	1131
1350	4261
1351	2364
1352	4352
1353	2711
1354	1294
1355	4203
1356	1318
1357	2285
1358	2025
1359	3140
1360	4107
1361	4338
1362	4524
1363	771
1364	115
1365	3813
1366	4238
1367	1505
1368	2020
1369	679
1370	644
1371	760
1372	3740
1373	284
1374	3353
1375	3555
1376	4271
1377	3410
1378	4372
1379	810
1380	3376
1381	3262
1382	3133
1383	1281
1384	4242
1385	4073
1386	1296
1387	515
1388	3987
1389	965
1390	4502
1391	4213
1392	363
1393	2767
1394	2802
1395	753
1396	1007
1397	1830
1398	4402
1399	1435
1400	230
1401	4081
1402	1951
1403	3380
1404	2776
1405	3184
1406	3118
1407	1286
1408	2655
1409	1398
1410	809
1411	2276
1412	4236
1413	3625
1414	4005
1415	1885
1416	3816
1417	1334
1418	2974
1419	1208
1420	4149
1421	2439
1422	1021
1423	1396
1424	887
1425	1308
1426	4412
1427	14
1428	3689
1429	4116
1430	3412
1431	3193
1432	523
1433	2310
1434	4228
1435	2769
1436	924
1437	3263
1438	1816
1439	3155
1440	2921
1441	2095
1442	3912
1443	2485
1444	1303
1445	3189
1446	1989
1447	984
1448	2781
1449	1525
1450	4132
1451	3560
1452	4348
1453	3274
1454	102
1455	2194
1456	632
1457	730
1458	3546
1459	1862
1460	1405
1461	4479
1462	653
1463	2984
1464	4113
1465	609
1466	1057
1467	688
1468	228
1469	2451
1470	4044
1471	565
1472	4233
1473	2377
1474	164
1475	1834
1476	1407
1477	418
1478	435
1479	172
1480	2598
1481	3041
1482	3980
1483	1926
1484	1589
1485	194
1486	847
1487	3791
1488	1081
1489	699
1490	3515
1491	848
1492	4148
1493	4581
1494	244
1495	1842
1496	3915
1497	2958
1498	3690
1499	165
1500	2652
1501	1780
1502	3277
1503	763
1504	3621
1505	2961
1506	4085
1507	2514
1508	1141
1509	655
1510	989
1511	1135
1512	1628
1513	1173
1514	2937
1515	3244
1516	3702
1517	3728
1518	4537
1519	1553
1520	3419
1521	4299
1522	235
1523	681
1524	3439
1525	1467
1526	1940
1527	296
1528	4297
1529	1688
1530	2421
1531	1388
1532	3793
1533	2452
1534	3124
1535	1096
1536	3248
1537	4577
1538	708
1539	267
1540	2707
1541	1911
1542	1714
1543	1188
1544	269
1545	762
1546	3913
1547	2909
1548	2094
1549	266
1550	2003
1551	4088
1552	819
1553	4026
1554	715
1555	4168
1556	533
1557	2617
1558	4350
1559	716
1560	3418
1561	2263
1562	595
1563	1516
1564	145
1565	3833
1566	3215
1567	3098
1568	635
1569	3927
1570	3711
1571	1019
1572	4179
1573	4536
1574	161
1575	3317
1576	1014
1577	367
1578	3397
1579	158
1580	2479
1581	4004
1582	163
1583	270
1584	3545
1585	1708
1586	769
1587	1781
1588	4472
1589	4307
1590	3685
1591	1648
1592	3798
1593	766
1594	3858
1595	1481
1596	2552
1597	743
1598	4171
1599	1476
1600	2264
1601	3115
1602	1777
1603	3308
1604	3226
1605	593
1606	4290
1607	3289
1608	2581
1609	2279
1610	3551
1611	1739
1612	3025
1613	4462
1614	23
1615	3894
1616	2296
1617	1382
1618	3741
1619	4258
1620	389
1621	3677
1622	1774
1623	4485
1624	1066
1625	3367
1626	694
1627	4135
1628	868
1629	4375
1630	2413
1631	2466
1632	1518
1633	280
1634	3990
1635	1187
1636	2052
1637	906
1638	1905
1639	176
1640	443
1641	2925
1642	3875
1643	1352
1644	749
1645	4434
1646	4037
1647	1936
1648	457
1649	390
1650	4125
1651	4444
1652	3416
1653	2294
1654	1039
1655	3693
1656	2253
1657	953
1658	272
1659	1182
1660	2374
1661	2403
1662	3552
1663	1558
1664	2464
1665	2613
1666	4019
1667	2362
1668	2483
1669	360
1670	2066
1671	3805
1672	4206
1673	907
1674	3606
1675	3048
1676	931
1677	240
1678	1856
1679	3959
1680	4441
1681	530
1682	2165
1683	2361
1684	806
1685	2754
1686	3883
1687	3686
1688	383
1689	4036
1690	1099
1691	4438
1692	3544
1693	2386
1694	147
1695	4436
1696	3928
1697	1801
1698	1474
1699	4507
1700	4251
1701	3000
1702	1822
1703	2346
1704	4425
1705	123
1706	2935
1707	185
1708	2259
1709	3501
1710	144
1711	273
1712	1363
1713	2580
1714	535
1715	1594
1716	20
1717	3007
1718	288
1719	2699
1720	3500
1721	3521
1722	2142
1723	2417
1724	61
1725	726
1726	116
1727	2951
1728	1366
1729	3364
1730	1372
1731	3698
1732	2287
1733	542
1734	1113
1735	97
1736	3771
1737	4029
1738	3260
1739	2557
1740	2282
1741	3722
1742	2772
1743	2777
1744	3075
1745	2812
1746	4272
1747	1661
1748	2434
1749	1554
1750	1103
1751	138
1752	3529
1753	3817
1754	4106
1755	1721
1756	1401
1757	4491
1758	2654
1759	1402
1760	3929
1761	1570
1762	3050
1763	1941
1764	705
1765	822
1766	2041
1767	1162
1768	2131
1769	1229
1770	1681
1771	1769
1772	1269
1773	4396
1774	3058
1775	1922
1776	1404
1777	3325
1778	2512
1779	1044
1780	146
1781	2841
1782	1820
1783	50
1784	3792
1785	3413
1786	263
1787	3823
1788	3794
1789	4264
1790	1070
1791	301
1792	3800
1793	4356
1794	497
1795	536
1796	3229
1797	3435
1798	1654
1799	2847
1800	2058
1801	1015
1802	4174
1803	3784
1804	1152
1805	3962
1806	2053
1807	1174
1808	2424
1809	1071
1810	2368
1811	3700
1812	751
1813	1236
1814	39
1815	1551
1816	2861
1817	1354
1818	1218
1819	1689
1820	3672
1821	3207
1822	674
1823	3871
1824	2269
1825	2908
1826	421
1827	3804
1828	316
1829	617
1830	4010
1831	2610
1832	500
1833	1337
1834	4018
1835	1482
1836	2753
1837	1259
1838	513
1839	2750
1840	340
1841	2363
1842	1472
1843	2714
1844	2307
1845	3395
1846	1725
1847	1189
1848	3797
1849	2507
1850	761
1851	1121
1852	4122
1853	2949
1854	119
1855	4457
1856	3034
1857	4257
1858	3200
1859	3405
1860	1853
1861	135
1862	3299
1863	4466
1864	1815
1865	2657
1866	2579
1867	3537
1868	2412
1869	871
1870	895
1871	481
1872	3596
1873	2933
1874	3884
1875	1652
1876	384
1877	3404
1878	3319
1879	3983
1880	1133
1881	159
1882	1400
1883	3504
1884	4567
1885	740
1886	2367
1887	3591
1888	2872
1889	3909
1890	1764
1891	3576
1892	139
1893	3346
1894	3707
1895	680
1896	2077
1897	4142
1898	2873
1899	858
1900	1425
1901	2469
1902	2905
1903	1939
1904	2472
1905	1043
1906	1049
1907	988
1908	399
1909	2599
1910	3903
1911	910
1912	4136
1913	1825
1914	3406
1915	2620
1916	4428
1917	2667
1918	3749
1919	3855
1920	2199
1921	4369
1922	2484
1923	691
1924	2577
1925	3995
1926	3509
1927	3304
1928	3454
1929	573
1930	79
1931	1411
1932	3185
1933	980
1934	4000
1935	1962
1936	3037
1937	1266
1938	570
1939	605
1940	105
1941	1063
1942	261
1943	4327
1944	318
1945	3366
1946	2335
1947	3344
1948	46
1949	1478
1950	723
1951	955
1952	1823
1953	3549
1954	3203
1955	811
1956	1403
1957	2496
1958	1843
1959	1464
1960	2202
1961	2851
1962	4386
1963	1943
1964	3390
1965	480
1966	2085
1967	3225
1968	1139
1969	4450
1970	1358
1971	2870
1972	2758
1973	3669
1974	1979
1975	2520
1976	3631
1977	2468
1978	1590
1979	3470
1980	2985
1981	3186
1982	1091
1983	1955
1984	3417
1985	87
1986	2894
1987	110
1988	3054
1989	634
1990	1471
1991	3963
1992	636
1993	168
1994	2203
1995	1866
1996	3074
1997	846
1998	4365
1999	3704
2000	323
2001	2069
2002	2406
2003	1581
2004	1342
2005	4177
2006	992
2007	1123
2008	2081
2009	1902
2010	2845
2011	734
2012	3588
2013	3256
2014	2969
2015	3776
2016	4265
2017	1434
2018	1278
2019	2314
2020	1914
2021	2852
2022	3053
2023	787
2024	2566
2025	1203
2026	3681
2027	4309
2028	4451
2029	914
2030	4024
2031	4275
2032	425
2033	58
2034	1512
2035	4371
2036	100
2037	2582
2038	4231
2039	1514
2040	227
2041	782
2042	3102
2043	2495
2044	2418
2045	561
2046	872
2047	2371
2048	2055
2049	1053
2050	1963
2051	2366
2052	1686
2053	4279
2054	1588
2055	1399
2056	229
2057	2803
2058	1324
2059	739
2060	1523
2061	4575
2062	1749
2063	4323
2064	1970
2065	844
2066	2561
2067	1711
2068	4252
2069	2746
2070	2609
2071	2867
2072	86
2073	3530
2074	71
2075	2415
2076	2242
2077	4478
2078	2021
2079	3853
2080	1231
2081	917
2082	434
2083	2423
2084	428
2085	2275
2086	898
2087	466
2088	506
2089	4030
2090	17
2091	4033
2092	4427
2093	814
2094	2205
2095	1907
2096	1069
2097	569
2098	3951
2099	3660
2100	2267
2101	2137
2102	2316
2103	1469
2104	3084
2105	4090
2106	643
2107	1270
2108	1395
2109	2292
2110	3592
2111	2108
2112	1629
2113	1509
2114	3541
2115	3448
2116	2373
2117	2
2118	1261
2119	2104
2120	1498
2121	141
2122	2932
2123	2497
2124	1273
2125	4303
2126	4276
2127	3757
2128	352
2129	1930
2130	1369
2131	4424
2132	2636
2133	932
2134	1699
2135	4091
2136	2651
2137	1158
2138	512
2139	807
2140	2395
2141	2176
2142	1787
2143	1257
2144	3303
2145	238
2146	326
2147	2752
2148	315
2149	3365
2150	1910
2151	407
2152	2665
2153	2440
2154	1655
2155	3640
2156	623
2157	1619
2158	243
2159	3095
2160	1644
2161	3149
2162	1790
2163	2600
2164	3442
2165	2392
2166	4343
2167	3796
2168	802
2169	785
2170	3989
2171	1768
2172	2912
2173	995
2174	3279
2175	4038
2176	4201
2177	492
2178	2950
2179	4334
2180	3564
2181	3481
2182	3494
2183	1776
2184	3468
2185	4326
2186	2050
2187	1385
2188	712
2189	249
2190	4398
2191	3369
2192	1886
2193	1013
2194	1827
2195	2247
2196	1925
2197	3350
2198	1983
2199	99
2200	1085
2201	1864
2202	815
2203	1347
2204	1137
2205	1245
2206	3651
2207	182
2208	2345
2209	2441
2210	219
2211	4114
2212	2458
2213	949
2214	2430
2215	2060
2216	1428
2217	2260
2218	3577
2219	1881
2220	320
2221	3905
2222	3834
2223	4068
2224	1336
2225	2829
2226	3487
2227	3623
2228	490
2229	2840
2230	833
2231	2280
2232	2463
2233	3063
2234	234
2235	3463
2236	4001
2237	1821
2238	2859
2239	4419
2240	1409
2241	921
2242	1995
2243	1254
2244	3629
2245	1496
2246	4287
2248	1999
2249	117
2250	4042
2251	1458
2252	1987
2253	3719
2254	1084
2255	24
2256	1863
2257	2846
2258	4573
2259	4103
2260	2773
2261	1763
2262	4172
2263	3259
2264	150
2265	3069
2266	2596
2267	2086
2268	4380
2269	3088
2270	3447
2271	2416
2272	1364
2273	4456
2274	3021
2275	2805
2276	1145
2277	3770
2278	1166
2279	1953
2280	4568
2281	4212
2282	4388
2283	2056
2284	2682
2285	755
2286	618
2287	1473
2288	877
2289	2030
2290	200
2291	3949
2292	173
2293	3209
2294	2096
2295	3250
2296	4558
2297	2262
2298	1227
2299	4339
2300	1617
2301	869
2302	1852
2303	1524
2304	3543
2305	622
2306	208
2307	4576
2308	197
2309	611
2310	2590
2311	4506
2312	402
2313	3134
2314	2157
2315	2766
2316	372
2317	1602
2318	2328
2319	1521
2320	597
2321	1160
2322	1893
2323	207
2324	2987
2325	752
2326	3829
2327	1351
2328	2304
2329	4156
2330	4285
2331	1546
2332	2152
2333	2323
2334	3076
2335	3968
2336	3888
2337	4522
2338	3165
2339	313
2340	1913
2341	638
2342	2169
2343	4554
2344	2015
2345	1818
2346	2575
2347	4516
2348	3622
2349	1536
2350	1179
2351	2942
2352	2141
2353	3223
2354	2793
2355	3613
2356	2207
2357	1323
2358	1728
2359	3087
2360	37
2361	3547
2362	2815
2363	3497
2364	2856
2365	3109
2366	1413
2367	4086
2368	1058
2369	1515
2370	2656
2371	178
2372	1567
2373	2780
2374	2634
2375	2175
2376	3664
2377	3568
2378	2796
2379	2708
2380	4413
2381	1491
2382	915
2383	2459
2384	3378
2385	1641
2386	1361
2387	692
2388	2923
2389	731
2390	2748
2391	2850
2392	2213
2393	3143
2394	2669
2395	899
2396	1986
2397	2895
2398	3001
2399	2492
2400	3194
2401	85
2402	2833
2403	2697
2404	4138
2405	3604
2406	1321
2407	2547
2408	258
2409	656
2410	265
2411	3302
2412	1946
2413	1851
2414	4500
2415	3105
2416	2868
2417	1956
2418	2756
2419	1255
2420	241
2421	3524
2422	3170
2423	1744
2424	1884
2425	2630
2426	474
2427	4278
2428	3892
2429	3238
2430	1984
2431	1383
2432	4420
2433	937
2434	3739
2435	3548
2436	3328
2437	1799
2438	184
2439	909
2440	2866
2441	3148
2442	4045
2443	1622
2444	2233
2445	2887
2446	1283
2447	2353
2448	1642
2449	3630
2450	863
2451	835
2452	4318
2453	2562
2454	314
2455	870
2456	553
2457	1277
2458	599
2459	1024
2460	3933
2461	78
2462	2151
2463	1186
2464	463
2465	3783
2466	1356
2467	4387
2468	1833
2469	1993
2470	4319
2471	3399
2472	4556
2473	3876
2474	3450
2475	889
2476	3998
2477	2510
2478	2798
2479	1624
2480	4078
2481	800
2482	452
2483	4225
2484	1511
2485	1562
2486	268
2487	3683
2488	1338
2489	4012
2490	1934
2491	1779
2492	2858
2493	4121
2494	1313
2495	3826
2496	646
2497	2327
2498	2291
2499	3172
2500	4241
2501	1185
2502	2622
2503	2486
2504	1684
2505	1670
2506	2308
2507	3121
2508	4322
2509	4469
2510	3827
2511	1824
2512	4515
2513	3379
2514	2559
2515	3213
2516	2678
2517	53
2518	3503
2519	1172
2520	4181
2521	132
2522	550
2523	460
2524	441
2525	1307
2526	3309
2527	387
2528	1836
2529	2306
2530	4166
2531	768
2532	1870
2533	4564
2534	2540
2535	901
2536	4232
2537	3499
2538	1287
2539	4474
2540	4305
2541	129
2542	1446
2543	1729
2544	1465
2545	3237
2546	971
2547	4560
2548	4292
2549	3854
2550	1370
2551	2007
2552	664
2553	923
2554	3916
2555	260
2556	125
2557	4546
2558	2920
2559	4433
2560	3340
2561	4128
2562	51
2563	1935
2564	4008
2565	2347
2566	495
2567	216
2568	3032
2569	30
2570	1105
2571	1800
2572	2449
2573	3354
2574	3320
2575	354
2576	2928
2577	447
2578	1695
2579	3836
2580	2527
2581	376
2582	201
2583	3999
2584	3733
2585	91
2586	4104
2587	2188
2588	3626
2589	225
2590	3572
2591	4481
2592	282
2593	2031
2594	829
2595	3197
2596	2229
2597	2278
2598	2079
2599	461
2600	469
2601	2898
2602	4124
2603	587
2604	2889
2605	2342
2606	4133
2607	3922
2608	1618
2609	2254
2610	3845
2611	3682
2612	1691
2613	3830
2614	4147
2615	3810
2616	581
2617	204
2618	2465
2619	1848
2620	3183
2621	1746
2622	1393
2623	4477
2624	3071
2625	3946
2626	2816
2627	2779
2628	3917
2629	1810
2630	3904
2631	3471
2632	2274
2633	3462
2634	3687
2635	3332
2636	2102
2637	2736
2638	2944
2639	3971
2640	721
2641	231
2642	2065
2643	1928
2644	1923
2645	2284
2646	3511
2647	1954
2648	1620
2649	98
2650	4211
2651	2181
2652	3108
2653	3528
2654	3697
2655	1649
2656	559
2657	3595
2658	3281
2659	66
2660	4341
2661	3652
2662	3936
2663	1012
2664	3496
2665	4531
2666	1872
2667	1028
2668	3127
2669	2734
2670	3518
2671	2164
2672	1164
2673	2487
2674	3744
2675	3078
2676	3938
2677	4384
2678	4230
2679	1994
2680	865
2681	2704
2682	3609
2683	2860
2684	1225
2685	1170
2686	2686
2687	3152
2688	4281
2689	2478
2690	1381
2691	3469
2692	3162
2693	2570
2694	380
2695	190
2696	2110
2697	2271
2698	3900
2699	72
2700	928
2701	1623
2702	1736
2703	4080
2704	2026
2705	1191
2706	373
2707	4486
2708	2659
2709	2877
2710	2965
2711	3944
2712	3132
2713	3979
2714	2853
2715	2082
2716	944
2717	140
2718	4443
2719	1200
2720	3597
2721	3786
2722	952
2723	4317
2724	3879
2725	63
2726	2970
2727	3261
2728	775
2729	4449
2730	1264
2731	4218
2732	610
2733	1535
2734	794
2735	4550
2736	4510
2737	3131
2738	350
2739	213
2740	1534
2741	1662
2742	4154
2743	2611
2744	4511
2745	1253
2746	933
2747	1374
2748	511
2749	1540
2750	3775
2751	1291
2752	386
2753	2408
2754	1761
2755	946
2756	3264
2757	3814
2758	3558
2759	687
2760	2602
2761	2134
2762	3431
2763	3096
2764	1718
2765	1017
2766	3421
2767	4052
2768	3018
2769	1222
2770	3042
2771	40
2772	1221
2773	4155
2774	2809
2775	672
2776	1726
2777	4092
2778	3357
2779	1020
2780	1513
2781	1230
2782	3644
2783	2778
2784	2305
2785	826
2786	2255
2787	3371
2788	1457
2789	2398
2790	202
2791	2174
2792	3057
2793	732
2794	1957
2795	3694
2796	2337
2797	3222
2798	1343
2799	4579
2800	183
2801	4572
2802	4067
2803	103
2804	88
2805	2153
2806	2114
2807	2825
2808	65
2809	1786
2810	2558
2811	3890
2812	3016
2813	3420
2814	1783
2815	3046
2816	2180
2817	3476
2818	2376
2819	4100
2820	851
2821	2551
2822	3599
2823	3566
2824	2878
2825	2601
2826	2980
2827	2745
2828	3230
2829	2047
2830	2080
2831	4089
2832	828
2833	1976
2834	2876
2835	4411
2836	1453
2837	417
2838	143
2839	3856
2840	1102
2841	614
2842	4183
2843	1520
2844	4452
2845	3948
2846	651
2847	1247
2848	3449
2849	3628
2850	206
2851	2168
2852	2695
2853	2578
2854	4453
2855	3495
2856	1859
2857	2886
2858	2628
2859	126
2860	3045
2861	1489
2862	4260
2863	2410
2864	1056
2865	1569
2866	2718
2867	95
2868	1213
2869	1331
2870	214
2871	1731
2872	3779
2873	3321
2874	331
2875	3012
2876	3117
2877	485
2878	4120
2879	1920
2880	1700
2881	1391
2882	205
2883	585
2884	3384
2885	2701
2886	1755
2887	1073
2888	468
2889	151
2890	3437
2891	343
2892	2993
2893	397
2894	4316
2895	4445
2896	1086
2897	3464
2898	3106
2899	1919
2900	3407
2901	667
2902	2787
2903	3580
2904	2195
2905	3898
2906	1087
2907	2516
2908	517
2909	1701
2910	630
2911	3645
2912	1076
2913	3456
2914	2419
2915	1293
2916	3086
2917	647
2918	1985
2919	2835
2920	487
2921	1785
2922	1671
2923	109
2924	580
2925	804
2926	1055
2927	393
2928	1265
2929	3389
2930	3615
2931	3122
2932	4418
2933	4483
2934	697
2935	2735
2936	2675
2937	1998
2938	1795
2939	2638
2940	2504
2941	3632
2942	999
2943	2591
2944	1550
2945	4193
2946	3737
2947	4302
2948	4254
2949	375
2950	1438
2951	2903
2952	3759
2953	1829
2954	377
2955	2312
2956	2684
2957	4034
2958	1380
2959	4185
2960	3970
2961	4539
2962	2978
2963	1444
2964	1201
2965	27
2966	3483
2967	4243
2968	4415
2969	1748
2970	1167
2971	1585
2972	2232
2973	2626
2974	2322
2975	4534
2976	4210
2977	2645
2978	4364
2979	3961
2980	310
2981	522
2982	2574
2983	1349
2984	1819
2985	122
2986	478
2987	1531
2988	3160
2989	1586
2990	4559
2991	4308
2992	3347
2993	1527
2994	1290
2995	4544
2996	4064
2997	1449
2998	1288
2999	735
3000	549
3001	2941
3002	2749
3003	616
3004	2836
3005	286
3006	1677
3007	1950
3008	3383
3009	2721
3010	1298
3011	4376
3012	1392
3013	4146
3014	2179
3015	1311
3016	3514
3017	2513
3018	4150
3019	491
3020	4363
3021	120
3022	3745
3023	4304
3024	1966
3025	1309
3026	4032
3027	4028
3028	886
3029	327
3030	1543
3031	1184
3032	3734
3033	4422
3034	2755
3035	1223
3036	4463
3037	2033
3038	2919
3039	4098
3040	2568
3041	2676
3042	3103
3043	633
3044	3216
3045	3065
3046	471
3047	624
3048	4389
3049	518
3050	2397
3051	1408
3052	2359
3053	818
3054	2817
3055	1510
3056	2010
3057	1101
3058	938
3059	2911
3060	2075
3061	4202
3062	591
3063	3954
3064	2624
3065	1687
3066	1116
3067	3094
3068	1958
3069	1952
3070	3860
3071	1198
3072	4131
3073	3164
3074	1441
3075	4346
3076	1344
3077	1675
3078	3642
3079	2135
3080	118
3081	2071
3082	4431
3083	2896
3084	3578
3085	4282
3086	4437
3087	1305
3088	3049
3089	539
3090	3301
3091	854
3092	4344
3093	2534
3094	2048
3095	3937
3096	3851
3097	4337
3098	3409
3099	3756
3100	2428
3101	1738
3102	1144
3103	1877
3104	1490
3105	130
3106	2637
3107	4527
3108	2218
3109	977
3110	2008
3111	4494
3112	3725
3113	3620
3114	2388
3115	2193
3116	276
3117	2184
3118	1258
3119	683
3120	2530
3121	797
3122	2720
3123	1656
3124	3342
3125	3293
3126	1183
3127	1292
3128	189
3129	1789
3130	2569
3131	3678
3132	711
3133	4529
3134	1389
3135	1122
3136	3349
3137	786
3138	2265
3139	3474
3140	2936
3141	1806
3142	3926
3143	1355
3144	1300
3145	2211
3146	2249
3147	615
3148	4490
3149	3295
3150	94
3151	2976
3152	1022
3153	659
3154	3195
3155	458
3156	2217
3157	1899
3158	3461
3159	33
3160	4333
3161	1326
3162	3220
3163	2632
3164	155
3165	796
3166	1850
3167	353
3168	2407
3169	2437
3170	1306
3171	2838
3172	1758
3173	4306
3174	3331
3175	4093
3176	1982
3177	2546
3178	3517
3179	2214
3180	3997
3181	3473
3182	4017
3183	4397
3184	3179
3185	601
3186	3198
3187	4357
3188	2471
3189	1502
3190	351
3191	4358
3192	3713
3193	3176
3194	1835
3195	2383
3196	1575
3197	1811
3198	1626
3199	3824
3200	4117
3201	6
3202	2725
3203	442
3204	2848
3205	2964
3206	2196
3207	4020
3208	3169
3209	287
3210	467
3211	1150
3212	4178
3213	3832
3214	776
3215	4140
3216	719
3217	1027
3218	1828
3219	3024
3220	1880
3221	245
3222	4023
3223	1033
3224	3318
3225	1003
3226	4079
3227	1156
3228	2489
3229	2301
3230	215
3231	237
3232	1972
3233	3542
3234	3252
3235	212
3236	1492
3237	4399
3238	2732
3239	3402
3240	2938
3241	1442
3242	1421
3243	2556
3244	291
3245	2057
3246	4432
3247	1406
3248	3656
3249	703
3250	736
3251	1414
3252	2009
3253	1906
3254	3893
3255	2564
3256	1235
3257	3975
3258	4417
3259	2751
3260	3627
3261	2029
3262	3773
3263	3491
3264	1666
3265	3637
3266	2533
3267	1118
3268	4366
3269	3828
3270	1578
3271	4191
3272	1090
3273	3538
3274	2156
3275	2320
3276	1890
3277	1330
3278	2832
3279	1672
3280	661
3281	4006
3282	1676
3283	3988
3284	4566
3285	948
3286	742
3287	4406
3288	1961
3289	2248
3290	2727
3291	3866
3292	3288
3293	4407
3294	2390
3295	1703
3296	2453
3297	3969
3298	444
3299	3427
3300	2505
3301	503
3302	562
3303	1565
3304	2154
3305	2811
3306	1669
3307	462
3308	3129
3309	248
3310	1717
3311	3438
3312	1008
3313	4267
3314	4332
3315	4108
3316	3271
3317	4095
3318	1111
3319	2482
3320	860
3321	1750
3322	4324
3323	2252
3324	2830
3325	1720
3326	1025
3327	3083
3328	2462
3329	3506
3330	299
3331	2913
3332	1975
3333	3688
3334	2491
3335	3033
3336	2122
3337	1176
3338	2097
3339	312
3340	2962
3341	2189
3342	2884
3343	2038
3344	4401
3345	4442
3346	4393
3347	4330
3348	2945
3349	3885
3350	3221
3351	1591
3352	578
3353	3984
3354	1083
3355	1960
3356	4532
3357	2528
3358	1772
3359	3825
3360	2792
3361	2671
3362	1284
3363	538
3364	2329
3365	657
3366	2584
3367	2442
3368	548
3369	303
3370	1573
3371	2526
3372	4169
3373	2219
3374	1067
3375	912
3376	3055
3377	1845
3378	35
3379	2022
3380	3212
3381	1373
3382	131
3383	2968
3384	409
3385	2810
3386	1224
3387	2709
3388	556
3389	727
3390	2034
3391	26
3392	3343
3393	1631
3394	3393
3395	3764
3396	2744
3397	602
3398	221
3399	619
3400	1697
3401	3423
3402	596
3403	1741
3404	2005
3405	2344
3406	2049
3407	3919
3408	3453
3409	3374
3410	1197
3411	4250
3412	3036
3413	666
3414	2929
3415	3540
3416	1215
3417	874
3418	4115
3419	4022
3420	2523
3421	3930
3422	2724
3423	3612
3424	1279
3425	4548
3426	3019
3427	560
3428	1959
3429	456
3430	1613
3431	133
3432	1814
3433	1077
3434	2295
3435	451
3436	2740
3437	1798
3438	1757
3439	1529
3440	853
3441	2863
3442	1896
3443	1639
3444	493
3445	2381
3446	1817
3447	1146
3448	592
3449	210
3450	2268
3451	3489
3452	2646
3453	842
3454	3009
3455	4403
3456	1119
3457	883
3458	2136
3459	3080
3460	1765
3461	1715
3462	547
3463	3436
3464	2698
3465	1488
3466	371
3467	729
3468	2899
3469	4087
3470	883
3471	1724
3472	841
3473	2735
3474	97
3475	2189
3476	3011
3477	4289
3478	2528
3479	2277
3480	1488
3481	3575
3482	1291
3483	79
3484	1934
3485	117
3486	4067
3487	1575
3488	898
3489	2936
3490	3041
3491	1835
3492	980
3493	473
3494	3149
3495	2306
3496	2430
3497	1970
3498	1869
3499	1850
3500	2447
3501	2219
3502	1026
3503	2944
3504	268
3505	2630
3506	19
3507	166
3508	2381
3509	4394
3510	2250
3511	2128
3512	371
3513	4225
3514	4546
3515	3220
3516	385
3517	2762
3518	2502
3519	4314
3520	2872
3521	1440
3522	4522
3523	2171
3524	1626
3525	208
3526	3871
3527	4537
3528	1954
3529	4316
3530	4542
3531	1890
3532	2635
3533	2028
3534	2055
3535	4214
3536	2328
3537	4220
3538	4361
3539	4081
3540	1295
3541	1204
3542	4391
3543	3997
3544	3098
3545	3924
3546	959
3547	2730
3548	4498
3549	3921
3550	2417
3551	3602
3552	1099
3553	4510
3554	793
3555	869
3556	3142
3557	3832
3558	1742
3559	2211
3560	888
3561	213
3562	1660
3563	4261
3564	1096
3565	599
3566	2774
3567	27
3568	2084
3569	1929
3570	1300
3571	4166
3572	1915
3573	146
3574	2799
3575	3234
3576	324
3577	4390
3578	2954
3579	3309
3580	3837
3581	4520
3582	1866
3583	204
3584	367
3585	2726
3586	616
3587	462
3588	3154
3589	3740
3590	1510
3591	1241
3592	1272
3593	619
3594	4566
3595	1431
3596	594
3597	4080
3598	1317
3599	3262
3600	2748
3601	2806
3602	2192
3603	2442
3604	1380
3605	384
3606	1737
3607	542
3608	3095
3609	1064
3610	1509
3611	4502
3612	2465
3613	3776
3614	853
3615	711
3616	557
3617	1337
3618	330
3619	3350
3620	1661
3621	3132
3622	3489
3623	430
3624	1778
3625	1133
3626	1599
3627	1087
3628	3509
3629	4019
3630	2448
3631	4068
3632	2583
3633	2978
3634	3688
3635	421
3636	3379
3637	3823
3638	190
3639	2812
3640	3432
3641	3834
3642	4204
3643	845
3644	4309
3645	3390
3646	3591
3647	3762
3648	2810
3649	3564
3650	3606
3651	3323
3652	1231
3653	2513
3654	1621
3655	1540
3656	4544
3657	4134
3658	3453
3659	2271
3660	1129
3661	2600
3662	3827
3663	2646
3664	3366
3665	922
3666	4212
3667	447
3668	269
3669	1299
3670	4271
3671	2821
3672	3883
3673	1837
3674	3686
3675	3662
3676	1967
3677	600
3678	3861
3679	2186
3680	2427
3681	3325
3682	2597
3683	3020
3684	3261
3685	2015
3686	376
3687	2040
3688	1102
3689	3168
3690	4405
3691	1937
3692	1237
3693	2989
3694	3848
3695	2823
3696	3244
3697	1223
3698	1263
3699	418
3700	343
3701	3679
3702	2204
3703	4276
3704	2687
3705	65
3706	681
3707	1080
3708	2105
3709	4033
3710	2596
3711	1914
3712	3741
3713	1823
3714	1985
3715	4456
3716	3271
3717	1677
3718	2624
3719	3573
3720	2958
3721	2654
3722	604
3723	4554
3724	3622
3725	2789
3726	742
3727	2886
3728	1798
3729	3156
3730	1665
3731	4133
3732	106
3733	3242
3734	4569
3735	2262
3736	1515
3737	123
3738	578
3739	4333
3740	1829
3741	1449
3742	2873
3743	1012
3744	3343
3745	1518
3746	3387
3747	1093
3748	2920
3749	1531
3750	2422
3751	3652
3752	4561
3753	774
3754	4042
3755	3147
3756	30
3757	2816
3758	2498
3759	4165
3760	1306
3761	4304
3762	1941
3763	1573
3764	3115
3765	1805
3766	4504
3767	923
3768	3995
3769	467
3770	3836
3771	1373
3772	434
3773	2034
3774	4044
3775	3696
3776	4387
3777	2470
3778	2181
3779	634
3780	1209
3781	3894
3782	3365
3783	2345
3784	2287
3785	3279
3786	4508
3787	288
3788	1363
3789	3560
3790	1711
3791	3426
3792	2651
3793	4558
3794	584
3795	240
3796	1649
3797	1047
3798	1942
3799	4532
3800	4004
3801	4209
3802	1017
3803	2062
3804	537
3805	1716
3806	3555
3807	39
3808	4339
3809	2932
3810	342
3811	695
3812	4490
3813	4100
3814	3826
3815	4038
3816	2941
3817	2933
3818	653
3819	1814
3820	4192
3821	4385
3822	1314
3823	124
3824	3107
3825	630
3826	73
3827	2072
3828	4493
3829	4126
3830	553
3831	1338
3832	4499
3833	3232
3834	3001
3835	935
3836	1148
3837	3166
3838	3404
3839	3230
3840	4384
3841	4228
3842	3119
3843	3844
3844	2814
3845	4495
3846	2829
3847	782
3848	2906
3849	3660
3850	1700
3851	493
3852	3329
3853	1411
3854	2054
3855	2931
3856	3083
3857	1135
3858	829
3859	2548
3860	144
3861	4506
3862	471
3863	363
3864	2811
3865	3579
3866	194
3867	3620
3868	1606
3869	2540
3870	3357
3871	3114
3872	1785
3873	4148
3874	1870
3875	712
3876	4039
3877	2796
3878	4022
3879	1376
3880	42
3881	143
3882	788
3883	3238
3884	1806
3885	1820
3886	2368
3887	1695
3888	1945
3889	2005
3890	2570
3891	3216
3892	778
3893	1281
3894	2087
3895	145
3896	1755
3897	14
3898	3858
3899	4020
3900	1497
3901	3367
3902	2868
3903	3614
3904	3600
3905	3817
3906	1383
3907	2507
3908	3980
3909	3423
3910	2085
3911	4548
3912	2449
3913	752
3914	4092
3915	125
3916	3198
3917	2747
3918	1111
3919	2695
3920	1551
3921	949
3922	2878
3923	2039
3924	187
3925	2653
3926	4241
3927	2194
3928	1960
3929	1235
3930	165
3931	182
3932	4396
3933	1202
3934	3187
3935	3402
3936	4258
3937	2091
3938	1991
3939	3627
3940	1502
3941	382
3942	677
3943	1816
3944	4213
3945	754
3946	294
3947	4188
3948	2254
3949	1765
3950	4153
3951	2288
3952	1719
3953	3879
3954	4250
3955	2523
3956	15
3957	443
3958	4117
3959	40
3960	2090
3961	4320
3962	379
3963	3912
3964	1853
3965	2863
3966	556
3967	2510
3968	558
3969	383
3970	701
3971	4415
3972	1895
3973	2625
3974	4282
3975	4343
3976	2424
3977	1284
3978	4341
3979	794
3980	1845
3981	842
3982	4327
3983	1261
3984	2205
3985	2096
3986	3737
3987	3104
3988	2981
3989	2366
3990	2009
3991	587
3992	3219
3993	1061
3994	902
3995	3990
3996	2857
3997	3895
3998	1245
3999	707
4000	2122
4001	864
4002	2790
4003	4054
4004	667
4005	3677
4006	397
4007	2071
4008	1107
4009	3607
4010	4509
4011	2052
4012	1400
4013	2344
4014	583
4015	3032
4016	3318
4017	3117
4018	906
4019	3200
4020	3760
4021	1676
4022	3914
4023	274
4024	3976
4025	3908
4026	4142
4027	56
4028	1651
4029	4075
4030	1734
4031	3094
4032	2628
4033	203
4034	1666
4035	3611
4036	500
4037	3903
4038	1264
4039	4050
4040	3046
4041	2217
4042	50
4043	3427
4044	3263
4045	1422
4046	3518
4047	3475
4048	659
4049	4172
4050	104
4051	2715
4052	206
4053	2889
4054	3885
4055	2561
4056	4211
4057	2838
4058	3877
4059	292
4060	2697
4061	62
4062	1323
4063	1452
4064	1402
4065	1339
4066	1975
4067	2945
4068	4152
4069	3361
4070	2926
4071	2883
4072	3130
4073	647
4074	2347
4075	1989
4076	3148
4077	2445
4078	1671
4079	2202
4080	1364
4081	1138
4082	2904
4083	3454
4084	2588
4085	1683
4086	253
4087	3066
4088	234
4089	3431
4090	3096
4091	3928
4092	1721
4093	1534
4094	2412
4095	2900
4096	3911
4097	2454
4098	2865
4099	1930
4100	2346
4101	2891
4102	3998
4103	3632
4104	1066
4105	439
4106	4083
4107	4232
4108	4535
4109	532
4110	226
4111	1009
4112	3284
4113	915
4114	4109
4115	102
4116	666
4117	780
4118	355
4119	2078
4120	987
4121	2429
4122	273
4123	2707
4124	2856
4125	4131
4126	3018
4127	1774
4128	3563
4129	1413
4130	4170
4131	2621
4132	993
4133	3672
4134	2917
4135	3384
4136	3461
4137	2065
4138	1588
4139	2094
4140	1897
4141	1904
4142	4045
4143	597
4144	550
4145	3050
4146	176
4147	2776
4148	260
4149	3028
4150	4424
4151	4564
4152	1761
4153	2185
4154	191
4155	212
4156	1259
4157	304
4158	291
4159	3625
4160	1909
4161	4021
4162	745
4163	3176
4164	3133
4165	3845
4166	3267
4167	3771
4168	1872
4169	3360
4170	2665
4171	4199
4172	1158
4173	4272
4174	3814
4175	1979
4176	2745
4177	4106
4178	2898
4179	559
4180	1704
4181	3725
4182	3080
4183	3342
4184	1022
4185	2425
4186	3910
4187	2
4188	3243
4189	1492
4190	826
4191	2475
4192	624
4193	3791
4194	1753
4195	450
4196	3407
4197	2515
4198	333
4199	2120
4200	1097
4201	3682
4202	2274
4203	2743
4204	1513
4205	3922
4206	1557
4207	1119
4208	3617
4209	2010
4210	1972
4211	2001
4212	1825
4213	705
4214	2534
4215	1239
4216	1216
4217	3186
4218	152
4219	2800
4220	821
4221	4567
4222	2053
4223	2407
4224	3659
4225	1766
4226	1692
4227	4186
4228	1020
4229	953
4230	353
4231	3522
4232	3841
4233	1849
4234	1179
4235	3525
4236	642
4237	3773
4238	3024
4239	3866
4240	1024
4241	4154
4242	3626
4243	4559
4244	592
4245	3743
4246	1141
4247	808
4248	773
4249	4185
4250	2556
4251	3541
4252	474
4253	3355
4254	3957
4255	749
4256	1386
4257	3927
4258	1562
4259	4378
4260	4575
4261	1405
4262	3122
4263	2975
4264	3499
4265	1685
4266	1578
4267	136
4268	432
4269	415
4270	183
4271	533
4272	488
4273	4163
4274	787
4275	1167
4276	221
4277	1983
4278	3693
4279	581
4280	1115
4281	1182
4282	3134
4283	2807
4284	1313
4285	511
4286	4496
4287	3558
4288	1508
4289	3172
4290	4174
4291	2074
4292	3084
4293	984
4294	2845
4295	2490
4296	977
4297	882
4298	1055
4299	870
4300	1189
4301	1630
4302	3669
4303	818
4304	3382
4305	3926
4306	1219
4307	2827
4308	1482
4309	3549
4310	3842
4311	2985
4312	3870
4313	91
4314	539
4315	1472
4316	517
4317	2234
4318	1607
4319	3389
4320	3437
4321	612
4322	1522
4323	1287
4324	952
4325	3728
4326	4037
4327	860
4328	2174
4329	638
4330	2408
4331	419
4332	1714
4333	76
4334	3021
4335	1332
4336	482
4337	2313
4338	3152
4339	3215
4340	3919
4341	4523
4342	1355
4343	1926
4344	1185
4345	2235
4346	1906
4347	1964
4348	1948
4349	3430
4350	2223
4351	3567
4352	2636
4353	368
4354	4423
4355	4557
4356	1907
4357	3413
4358	3136
4359	3222
4360	1811
4361	116
4362	3759
4363	3202
4364	10
4365	3207
4366	2961
4367	4529
4368	736
4369	3552
4370	1591
4371	2533
4372	2207
4373	3593
4374	4377
4375	3035
4376	1344
4377	3294
4378	1244
4379	2773
4380	3164
4381	3727
4382	657
4383	2649
4384	1178
4385	849
4386	499
4387	591
4388	3150
4389	1672
4390	6
4391	2135
4392	4236
4393	4034
4394	563
4395	360
4396	750
4397	3085
4398	3628
4399	4515
4400	49
4401	2725
4402	1198
4403	3973
4404	944
4405	2102
4406	438
4407	267
4408	2482
4409	3153
4410	2754
4411	320
4412	1181
4413	1062
4414	991
4415	1403
4416	1247
4417	743
4418	4368
4419	783
4420	4427
4421	4103
4422	1741
4423	2721
4424	662
4425	877
4426	364
4427	1021
4428	2575
4429	2949
4430	3436
4431	936
4432	2779
4433	88
4434	1801
4435	3815
4436	4326
4437	3578
4438	4371
4439	2393
4440	1236
4441	3680
4442	461
4443	72
4444	764
4445	3328
4446	2629
4447	404
4448	2768
4449	2813
4450	1252
4451	179
4452	2414
4453	89
4454	1395
4455	1396
4456	3395
4457	407
4458	1307
4459	3987
4460	4121
4461	3656
4462	4120
4463	4356
4464	4484
4465	2877
4466	3320
4467	4466
4468	3302
4469	2173
4470	3605
4471	263
4472	2089
4473	1387
4474	4474
4475	3466
4476	395
4477	1602
4478	1764
4479	3516
4480	4457
4481	1669
4482	3500
4483	1222
4484	2867
4485	2614
4486	837
4487	2220
4488	2108
4489	4306
4490	2690
4491	1168
4492	1152
4493	1369
4494	1655
4495	3515
4496	150
4497	1995
4498	4299
4499	851
4500	398
4501	1412
4502	225
4503	1503
4504	361
4505	1864
4506	1484
4507	819
4508	3996
4509	1760
4510	1085
4511	4438
4512	1569
4513	3704
4514	1938
4515	1998
4516	2314
4517	453
4518	697
4519	4425
4520	3505
4521	2652
4522	4114
4523	2785
4524	2218
4525	3631
4526	1443
4527	2263
4528	3209
4529	1361
4530	3775
4531	3108
4532	4012
4533	1105
4534	2518
4535	561
4536	220
4537	1305
4538	3638
4539	2450
4540	4160
4541	1976
4542	4169
4543	913
4544	4471
4545	3658
4546	4507
4547	3386
4548	765
4549	2797
4550	615
4551	1160
4552	2549
4553	2114
4554	3878
4555	1757
4556	4099
4557	1191
4558	828
4559	1911
4560	303
4561	1643
4562	963
4563	287
4564	2494
4565	3755
4566	4302
4567	4073
4568	2626
4569	2925
4570	2612
4571	2416
4572	1324
4573	2478
4574	536
4575	231
4576	1920
4577	1688
4578	1533
4579	4290
4580	3512
4581	887
4582	688
4583	4151
4584	2322
4585	1622
4586	1374
4587	3502
4588	3629
4589	1192
4590	4233
4591	2276
4592	2141
4593	2897
4594	26
4595	760
4596	2280
4597	3767
4598	258
4599	2098
4600	1526
4601	3184
4602	3616
4603	755
4604	4230
4605	1139
4606	1946
4607	1193
4608	758
4609	3711
4610	1279
4611	3486
4612	82
4613	476
4614	2579
4615	1200
4616	2580
4617	3784
4618	3691
4619	2127
4620	3467
4621	1594
4622	2710
4623	4171
4624	1548
4625	318
4626	37
4627	2383
4628	1888
4629	228
4630	3446
4631	470
4632	4330
4633	3178
4634	811
4635	2434
4636	1858
4637	1917
4638	2240
4639	2459
4640	1147
4641	2436
4642	1962
4643	239
4644	3239
4645	687
4646	618
4647	674
4648	3490
4649	1116
4650	2850
4651	4064
4652	4198
4653	2511
4654	4210
4655	4078
4656	839
4657	1002
4658	3131
4659	4389
4660	1208
4661	2641
4662	1370
4663	2959
4664	1318
4665	575
4666	4576
4667	3348
4668	3971
4669	3494
4670	3317
4671	2139
4672	1922
4673	2792
4674	1617
4675	1309
4676	2590
4677	1226
4678	241
4679	3610
4680	4043
4681	1025
4682	873
4683	3464
4684	503
4685	602
4686	1398
4687	1156
4688	3574
4689	2519
4690	3304
4691	596
4692	1490
4693	1694
4694	3637
4695	805
4696	1358
4697	4143
4698	3963
4699	2462
4700	3889
4701	3012
4702	2593
4703	2859
4704	2291
4705	3709
4706	2512
4707	52
4708	3249
4709	3964
4710	248
4711	2327
4712	2371
4713	1399
4714	1932
4715	4010
4716	1923
4717	1491
4718	1653
4719	1315
4720	2669
4721	3105
4722	3738
4723	965
4724	3375
4725	2058
4726	4369
4727	1251
4728	3687
4729	1429
4730	1619
4731	4124
4732	308
4733	2230
4734	1928
4735	4324
4736	3009
4737	4286
4738	2021
4739	140
4740	2559
4741	516
4742	3022
4743	80
4744	2948
4745	1351
4746	173
4747	3942
4748	4279
4749	1190
4750	3383
4751	3469
4752	3250
4753	1642
4754	3177
4755	661
4756	3068
4757	1278
4758	3698
4759	3999
4760	3718
4761	3556
4762	390
4763	899
4764	1188
4765	469
4766	1057
4767	3744
4768	2787
4769	3462
4770	2406
4771	1060
4772	2156
4773	3025
4774	673
4775	4277
4776	2598
4777	449
4778	611
4779	1321
4780	2740
4781	1818
4782	445
4783	3952
4784	549
4785	58
4786	2724
4787	3929
4788	691
4789	20
4790	100
4791	2505
4792	2132
4793	3090
4794	2497
4795	3409
4796	2484
4797	1389
4798	3874
4799	4112
4800	1940
4801	761
4802	22
4803	1786
4804	3756
4805	377
4806	214
4807	4511
4808	2544
4809	4251
4810	4056
4811	4032
4812	3281
4813	2752
4814	3497
4815	840
4816	2700
4817	1608
4818	115
4819	1342
4820	2672
4821	1690
4822	3970
4823	155
4824	1855
4825	2419
4826	911
4827	4455
4828	1100
4829	2661
4830	1150
4831	2739
4832	1838
4833	2921
4834	1288
4835	2499
4836	2756
4837	1944
4838	3733
4839	1810
4840	1670
4841	518
4842	1438
4843	3640
4844	4057
4845	2337
4846	417
4847	3397
4848	2962
4849	4323
4850	3039
4851	134
4852	3545
4853	1454
4854	3644
4855	1146
4856	2441
4857	2069
4858	3424
4859	1939
4860	428
4861	2984
4862	293
4863	1
4864	2974
4865	1614
4866	4036
4867	4090
4868	1157
4869	2860
4870	3089
4871	2509
4872	1836
4873	4500
4874	2386
4875	843
4876	1959
4877	1846
4878	4009
4879	1406
4880	4178
4881	4346
4882	4540
4883	1366
4884	3543
4885	442
4886	3393
4887	3613
4888	1220
4889	4463
4890	3576
4891	1787
4892	3566
4893	2060
4894	1028
4895	2620
4896	3006
4897	2950
4898	3212
4899	414
4900	3487
4901	2187
4902	2238
4903	1769
4904	2051
4905	4101
4906	1527
4907	1206
4908	1963
4909	1451
4910	3675
4911	4479
4912	2012
4913	982
4914	298
4915	2772
4916	2680
4917	3231
4918	3819
4919	2106
4920	4285
4921	425
4922	2928
4923	932
4924	4344
4925	2169
4926	4155
4927	2566
4928	4363
4929	734
4930	2057
4931	2750
4932	4237
4933	322
4934	1744
4935	2708
4936	2033
4937	33
4938	2164
4939	3201
4940	971
4941	3816
4942	4467
4943	2732
4944	3648
4945	2079
4946	272
4947	3905
4948	2972
4949	1184
4950	3291
4951	2766
4952	459
4953	2460
4954	627
4955	1103
4956	1512
4957	4082
4958	2354
4959	3898
4960	2176
4961	3668
4962	4399
4963	737
4964	1033
4965	535
4966	4360
4967	108
4968	3204
4969	4563
4970	2983
4971	460
4972	2451
4973	391
4974	1071
4975	3730
4976	617
4977	3310
4978	2578
4979	3447
4980	2638
4981	3363
4982	249
4983	1469
4984	1303
4985	2146
4986	3517
4987	996
4988	2718
4989	3326
4990	3305
4991	1856
4992	2081
4993	1740
4994	2546
4995	2063
4996	4440
4997	186
4998	202
4999	1797
5000	668
5001	2025
5002	2388
5003	3438
5004	2637
5005	3034
5006	1277
5007	3079
5008	824
5009	1539
5010	1999
5011	463
5012	1456
5013	3000
5014	4095
5015	1564
5016	1871
5017	3745
5018	2317
5019	3534
5020	4113
5021	3445
5022	928
5023	3206
5024	2987
5025	153
5026	989
5027	2179
5028	4531
5029	3938
5030	25
5031	4224
5032	2257
5033	2841
5034	340
5035	3699
5036	75
5037	435
5038	3086
5039	2020
5040	2479
5041	2711
5042	3609
5043	2979
5044	1625
5045	1041
5046	1639
5047	230
5048	1271
5049	3336
5050	3876
5051	4091
5052	1884
5053	570
5054	4001
5055	751
5056	2599
5057	1076
5058	917
5059	3951
5060	4317
5061	3893
5062	2190
5063	1027
5064	373
5065	1788
5066	1702
5067	1480
5068	2937
5069	4417
5070	2305
5071	4358
5072	94
5073	546
5074	1379
5075	903
5076	4388
5077	686
5078	1994
5079	3948
5080	635
5081	1953
5082	1584
5083	148
5084	3113
5085	4164
5086	3072
5087	3716
5088	3324
5089	451
5090	1728
5091	4572
5092	3256
5093	2734
5094	4451
5095	2788
5096	490
5097	3252
5098	1772
5099	768
5100	3193
5101	2737
5102	242
5103	2390
5104	2109
5105	2555
5106	110
5107	1697
5108	4229
5109	2373
5110	195
5111	2875
5112	3529
5113	3618
5114	3734
5115	2296
5116	2491
5117	2284
5118	957
5119	2996
5120	4431
5121	3321
5122	1423
5123	4278
5124	1857
5125	990
5126	3312
5127	3649
5128	3757
5129	4516
5130	3264
5131	3179
5132	4158
5133	3403
5134	149
5135	3005
5136	3498
5137	409
5138	1283
5139	51
5140	947
5141	590
5142	369
5143	3803
5144	3530
5145	2397
5146	776
5147	2270
5148	456
5149	1500
5150	1961
5151	224
5152	4005
5153	2826
5154	3785
5155	988
5156	416
5157	637
5158	2825
5159	3479
5160	1925
5161	2617
5162	2765
5163	1486
5164	1170
5165	280
5166	2771
5167	2485
5168	4096
5169	2608
5170	66
5171	2099
5172	4046
5173	2848
5174	3621
5175	1003
5176	328
5177	1675
5178	1750
5179	2995
5180	3684
5181	2569
5182	725
5183	2866
5184	1101
5185	357
5186	2415
5187	2631
5188	3265
5189	2539
5190	2213
5191	2131
5192	1225
5193	2166
5194	3809
5195	3399
5196	2278
5197	1571
5198	218
5199	349
5200	4528
5201	2453
5202	3417
5203	3661
5204	1791
5205	161
5206	692
5207	3496
5208	1881
5209	4441
5210	4514
5211	2216
5212	3240
5213	3708
5214	1657
5215	3888
5216	1644
5217	4150
5218	1121
5219	3933
5220	2577
5221	2339
5222	2508
5223	2335
5224	279
5225	703
5226	3128
5227	1862
5228	622
5229	4472
5230	3707
5231	1275
5232	3353
5233	1401
5234	4182
5235	1044
5236	1215
5237	2341
5238	3297
5239	380
5240	1378
5241	4079
5242	848
5243	122
5244	3726
5245	3547
5246	3548
5247	1186
5248	246
5249	1950
5250	2162
5251	478
5252	2581
5253	2241
5254	654
5255	4418
5256	4226
5257	286
5258	3125
5259	1310
5260	3143
5261	2899
5262	1092
5263	119
5264	3307
5265	4482
5266	2409
5267	2242
5268	1083
5269	3886
5270	1523
5271	2691
5272	1547
5273	4570
5274	4579
5275	729
5276	2524
5277	2026
5278	2573
5279	709
5280	1177
5281	1966
5282	4386
5283	644
5284	1036
5285	676
5286	483
5287	3110
5288	850
5289	4336
5290	277
5291	1367
5292	3195
5293	2880
5294	3237
5295	4460
5296	495
5297	3434
5298	3491
5299	4416
5300	2520
5301	245
5302	4270
5303	3572
5304	4411
5305	625
5306	2221
5307	2847
5308	1684
5309	4026
5310	1565
5311	986
5312	2123
5313	1885
5314	3770
5315	585
5316	3856
5317	2693
5318	1738
5319	1899
5320	3140
5321	3347
5322	4420
5323	1302
5324	4024
5325	2703
5326	797
5327	3657
5328	2444
5329	1628
5330	3812
5331	4181
5332	3269
5333	2142
5334	3852
5335	2353
5336	4144
5337	4168
5338	3449
5339	698
5340	650
5341	2522
5342	3828
5343	92
5344	159
5345	3055
5346	2488
5347	1293
5348	3495
5349	3139
5350	724
5351	3722
5352	908
5353	2994
5354	951
5355	2458
5356	2905
5357	1988
5358	3764
5359	4392
5360	679
5361	2045
5362	24
5363	2180
5364	2746
5365	4469
5366	886
5367	1446
5368	4429
5369	1550
5370	2193
5371	789
5372	3551
5373	950
5374	946
5375	1407
5376	1730
5377	3118
5378	1570
5379	2110
5380	3047
5381	3033
5382	78
5383	573
5384	1729
5385	4291
5386	721
5387	4452
5388	1546
5389	3882
5390	715
5391	402
5392	2552
5393	1417
5394	1828
5395	4428
5396	3795
5397	4376
5398	4352
5399	261
5400	3435
5401	431
5402	4450
5403	3991
5404	3685
5405	799
5406	1322
5407	3641
5408	3162
5409	3538
5410	2261
5411	4292
5412	3174
5413	2056
5414	1201
5415	4413
5416	568
5417	3569
5418	55
5419	1516
5420	1739
5421	2437
5422	436
5423	1952
5424	3694
5425	531
5426	251
5427	3197
5428	3109
5429	2467
5430	1441
5431	2780
5432	1958
5433	2679
5434	3790
5435	2884
5436	2364
5437	3532
5438	487
5439	1993
5440	138
5441	3913
5442	3093
5443	2951
5444	2968
5445	565
5446	2769
5447	2530
5448	646
5449	921
5450	2356
5451	3484
5452	2036
5453	1780
5454	3049
5455	1955
5456	3003
5457	4179
5458	2203
5459	1847
5460	2410
5461	53
5462	871
5463	601
5464	3692
5465	723
5466	2302
5467	374
5468	2196
5469	2201
5470	3254
5471	4086
5472	865
5473	4283
5474	3608
5475	726
5476	1199
5477	994
5478	3213
5479	216
5480	847
5481	562
5482	2136
5483	4362
5484	3248
5485	3930
5486	2864
5487	1144
5488	4262
5489	2319
5490	3044
5491	2007
5492	4524
5493	2037
5494	3087
5495	2199
5496	3182
5497	4473
5498	63
5499	1525
5500	3380
5501	3979
5502	3712
5503	3892
5504	3053
5505	896
5506	2432
5507	716
5508	2977
5509	1142
5510	1298
5511	3678
5512	4470
5513	2558
5514	1824
5515	3772
5516	1902
5517	3689
5518	3340
5519	1312
5520	2527
5521	1956
5522	2622
5523	2233
5524	3596
5525	3141
5526	3909
5527	4462
5528	680
5529	1652
5530	2701
5531	2992
5532	983
5533	2567
5534	3251
5535	1623
5536	1919
5537	1781
5538	2119
5539	3217
5540	132
5541	1211
5542	1713
5543	1496
5544	1014
5545	118
5546	2918
5547	1432
5548	2973
5549	2685
5550	1905
5551	4238
5552	2879
5553	1686
5554	4084
5555	2551
5556	4483
5557	1433
5558	1123
5559	4122
5560	720
5561	1048
5562	3604
5563	2258
5564	196
5565	3368
5566	1343
5567	1616
5568	1130
5569	2835
5570	2013
5571	1084
5572	2709
5573	2957
5574	2307
5575	2316
5576	1453
5577	3779
5578	4543
5579	945
5580	2753
5581	3450
5582	3341
5583	1242
5584	2606
5585	3524
5586	2965
5587	4485
5588	1166
5589	3673
5590	4442
5591	378
5592	2471
5593	702
5594	61
5595	264
5596	1662
5597	4264
5598	3412
5599	3054
5600	3713
5601	3062
5602	3544
5603	1308
5604	3702
5605	2964
5606	2896
5607	4257
5608	3854
5609	1553
5610	481
5611	2832
5612	2363
5613	4517
5614	133
5615	1521
5616	4014
5617	2324
5618	757
5619	113
5620	2980
5621	552
5622	1783
5623	4464
5624	1015
5625	1751
5626	3029
5627	244
5628	4040
5629	400
5630	1151
5631	2095
5632	2632
5633	1056
5634	323
5635	1457
5636	4116
5637	4436
5638	1528
5639	2452
5640	2706
5641	3568
5642	3630
5643	796
5644	4069
5645	1586
5646	1471
5647	1466
5648	4359
5649	1349
5650	2793
5651	301
5652	927
5653	919
5654	3419
5655	3470
5656	4138
5657	4342
5658	4402
5659	4265
5660	1404
5661	1878
5662	219
5663	3078
5664	2375
5665	1175
5666	2225
5667	683
5668	309
5669	1173
5670	610
5671	1304
5672	2326
5673	4018
5674	548
5675	2134
5676	3595
5677	2647
5678	4366
5679	389
5680	3503
5681	4176
5682	17
5683	4433
5684	99
5685	1462
5686	717
5687	2170
5688	3036
5689	1731
5690	1326
5691	3526
5692	59
5693	2167
5694	3476
5695	440
5696	128
5697	934
5698	639
5699	958
5700	3961
5701	2395
5702	3349
5703	1585
5704	2104
5705	4030
5706	3701
5707	708
5708	571
5709	732
5710	2843
5711	3988
5712	3480
5713	1213
5714	3706
5715	1638
5716	3416
5717	529
5718	3719
5719	2100
5720	576
5721	2348
5722	2890
5723	605
5724	3597
5725	4293
5726	3582
5727	3338
5728	636
5729	4137
5730	1903
5731	2960
5732	2833
5733	3806
5734	399
5735	3259
5736	1172
5737	1118
5738	200
5739	163
5740	2147
5741	2041
5742	3975
5743	593
5744	1372
5745	41
5746	3071
5747	4562
5748	1618
5749	1768
5750	3855
5751	387
5752	4444
5753	3639
5754	162
5755	2760
5756	130
5757	1827
5758	502
5759	816
5760	1050
5761	1763
5762	1815
5763	753
5764	1556
5765	2619
5766	7
5767	2871
5768	345
5769	4052
5770	914
5771	3275
5772	3635
5773	3277
5774	326
5775	2175
5776	3592
5777	3959
5778	4435
5779	3266
5780	168
5781	3191
5782	2514
5783	3331
5784	2323
5785	142
5786	2290
5787	1075
5788	1707
5789	2601
5790	1696
5791	2795
5792	4234
5793	2927
5794	1164
5795	3958
5796	1631
5797	1880
5798	331
5799	3045
5800	2466
5801	3511
5802	2295
5803	1982
5804	2168
5805	3553
5806	29
5807	2092
5808	2310
5809	1748
5810	1426
5811	4007
5812	1681
5813	942
5814	2537
5815	2934
5816	1746
5817	2993
5818	3940
5819	3439
5820	1511
5821	147
5822	1385
5823	1879
5824	1980
5825	3843
5826	4104
5827	1296
5828	2999
5829	3405
5830	2358
5831	830
5832	2387
5833	3829
5834	85
5835	800
5836	1842
5837	1648
5838	1627
5839	252
5840	1073
5841	1230
5842	139
5843	1615
5844	609
5845	2882
5846	938
5847	4403
5848	4549
5849	1632
5850	4015
5851	3944
5852	3890
5853	3026
5854	997
5855	2457
5856	497
5857	1265
5858	2913
5859	131
5860	3897
5861	3881
5862	2075
5863	2557
5864	4380
5865	1382
5866	457
5867	730
5868	452
5869	2157
5870	1524
5871	3288
5872	270
5873	3151
5874	2255
5875	964
5876	4445
5877	1520
5878	3805
5879	3851
5880	359
5881	236
5882	2830
5883	2820
5884	916
5885	3129
5886	907
5887	2602
5888	1620
5889	1706
5890	1463
5891	4355
5892	4322
5893	1689
5894	2264
5895	2272
5896	731
5897	740
5898	3257
5899	1391
5900	1081
5901	86
5902	2727
5903	1388
5904	350
5905	3891
5906	514
5907	4432
5908	810
5909	2333
5910	1039
5911	4140
5912	1187
5913	2767
5914	2639
5915	2464
5916	2267
5917	2910
5918	120
5919	164
5920	1893
5921	3920
5922	1392
5923	1817
5924	629
5925	3724
5926	2840
5927	807
5928	4132
5929	4303
5930	2338
5931	2259
5932	2269
5933	4372
5934	3825
5935	3371
5936	1951
5937	1579
5938	2834
5939	4491
5940	3295
5941	492
5942	2861
5943	3019
5944	3904
5945	427
5946	1629
5947	327
5948	3260
5949	4397
5950	4319
5951	2501
5952	3406
5953	992
5954	2627
5955	834
5956	2536
5957	2517
5958	3468
5959	3169
5960	3884
5961	3537
5962	1292
5963	4434
5964	3981
5965	4476
5966	2076
5967	2125
5968	3273
5969	4177
5970	1514
5971	2191
5972	4577
5973	1194
5974	3984
5975	2997
5976	1693
5977	4011
5978	1720
5979	1736
5980	1777
5981	2151
5982	2329
5983	351
5984	2801
5985	1108
5986	1624
5987	1000
5988	151
5989	696
5990	1561
5991	3623
5992	4216
5993	3588
5994	4287
5995	4357
5996	4263
5997	3542
5998	1458
5999	211
6000	1986
6001	1779
6002	4422
6003	296
6004	1756
6005	809
6006	4201
6007	4393
6008	1227
6009	494
6010	771
6011	3899
6012	2609
6013	3774
6014	3748
6015	295
6016	651
6017	4088
6018	4555
6019	3483
6020	1974
6021	3949
6022	2435
6023	3794
6024	2923
6025	3306
6026	3936
6027	4536
6028	784
6029	2030
6030	95
6031	1530
6032	3792
6033	2819
6034	1735
6035	3474
6036	2553
6037	1886
6038	1555
6039	1776
6040	2161
6041	2815
6042	2153
6043	3303
6044	1270
6045	2003
6046	1935
6047	4147
6048	975
6049	2582
6050	825
6051	2675
6052	881
6053	2836
6054	1176
6055	595
6056	3069
6057	1340
6058	3761
6059	1437
6060	3146
6061	1859
6062	3301
6063	1715
6064	265
6065	1007
6066	1877
6067	2097
6068	2331
6069	256
6070	1679
6071	889
6072	1790
6073	4243
6074	2876
6075	2160
6076	1792
6077	2154
6078	3985
6079	1494
6080	2682
6081	2286
6082	1091
6083	3183
6084	1334
6085	312
6086	1505
6087	198
6088	3796
6089	3298
6090	71
6091	580
6092	2129
6093	1868
6094	2684
6095	727
6096	2720
6097	297
6098	3016
6099	3865
6100	3485
6101	2618
6102	4305
6103	262
6104	3531
6105	3501
6106	2714
6107	3798
6108	4296
6109	3603
6110	541
6111	3504
6112	1311
6113	4437
6114	479
6115	3415
6116	247
6117	2613
6118	3013
6119	4281
6120	3299
6121	1613
6122	2212
6123	1354
6124	2022
6125	2439
6126	1069
6127	285
6128	2050
6129	3875
6130	2547
6131	3313
6132	3229
6133	1992
6134	3225
6135	833
6136	205
6137	2029
6138	1808
6139	3065
6140	2749
6141	2279
6142	1722
6143	1030
6144	1077
6145	1359
6146	3374
6147	910
6148	4318
6149	4337
6150	1110
6151	352
6152	560
6153	105
6154	2717
6155	785
6156	302
6157	4481
6158	3954
6159	126
6160	2716
6161	3681
6162	786
6163	1330
6164	2755
6165	3540
6166	967
6167	3255
6168	284
6169	2781
6170	278
6171	448
6172	3514
6173	4252
6174	3123
6175	3037
6176	2969
6177	313
6178	2777
6179	3665
6180	4401
6181	4398
6182	2562
6183	856
6184	1131
6185	4331
6186	2086
6187	3344
6188	189
6189	3800
6190	2564
6191	3448
6192	4573
6193	465
6194	1049
6195	4193
6196	995
6197	4156
6198	3345
6199	4329
6200	3258
6201	4530
6202	1424
6203	1001
6204	2572
6205	3442
6206	1368
6207	3226
6208	672
6209	3091
6210	931
6211	2699
6212	3962
6213	485
6214	1258
6215	316
6216	3571
6217	1090
6218	815
6219	38
6220	1717
6221	1699
6222	2066
6223	3754
6224	3274
6225	2483
6226	2758
6227	1654
6228	2281
6229	3137
6230	2260
6231	2526
6232	2492
6233	3731
6234	2911
6235	2659
6236	3813
6237	2215
6238	3749
6239	4107
6240	640
6241	4449
6242	670
6243	3456
6244	1558
6245	512
6246	2376
6247	2504
6248	2686
6249	4334
6250	4087
6251	3956
6252	1294
6253	1425
6254	2038
6255	1459
6256	480
6257	3253
6258	632
6259	3007
6260	4308
6261	694
6262	4136
6263	2391
6264	4246
6265	3931
6266	941
6267	2152
6268	1154
6269	3915
6270	2308
6271	1246
6272	3103
6273	2403
6274	2998
6275	3599
6276	1826
6277	4023
6278	2232
6279	1254
6280	4055
6281	835
6282	4453
6283	3319
6284	2938
6285	2140
6286	1070
6287	35
6288	3235
6289	3185
6290	2634
6291	3126
6292	4375
6293	4260
6294	1732
6295	1393
6296	4202
6297	2738
6298	3906
6299	4125
6300	1269
6301	3528
6302	3221
6303	846
6304	4183
6305	1544
6306	486
6307	4029
6308	3155
6309	1054
6310	3064
6311	1789
6312	2188
6313	2976
6314	4128
6315	608
6316	1910
6317	4206
6318	2048
6319	3739
6320	441
6321	2655
6322	4115
6323	1352
6324	655
6325	4556
6326	2137
6327	909
6328	999
6329	2763
6330	3917
6331	1356
6332	1733
6333	2610
6334	948
6335	2757
6336	1229
6337	3967
6338	1691
6339	2401
6340	2374
6341	3580
6342	1851
6343	513
6344	3074
6345	4332
6346	4066
6347	3160
6348	21
6349	1581
6350	2853
6351	1852
6352	1143
6353	699
6354	3203
6355	2472
6356	2645
6357	658
6358	4527
6359	1656
6360	3075
6361	2903
6362	4259
6363	4167
6364	4146
6365	4550
6366	3989
6367	1465
6368	3666
6369	1086
6370	1410
6371	4297
6372	741
6373	1042
6374	266
6375	1936
6376	1834
6377	4017
6378	3170
6379	522
6380	3378
6381	2584
6382	3223
6383	4275
6384	491
6385	1830
6386	633
6387	1726
6388	3506
6389	2268
6390	3057
6391	1745
6392	4406
6393	3802
6394	2574
6395	3058
6396	2394
6397	2423
6398	1409
6399	2031
6400	3289
6401	1427
6402	2576
6403	1019
6404	1183
6405	3983
6406	4439
6407	775
6408	2008
6409	3859
6410	1127
6411	4347
6412	3797
6413	4446
6414	814
6415	4175
6416	1063
6417	3042
6418	3101
6419	3683
6420	4443
6421	4477
6422	762
6423	892
6424	3040
6425	2487
6426	498
6427	1043
6428	4365
6429	141
6430	178
6431	3471
6432	970
6433	1357
6434	1478
6435	1957
6436	3758
6437	4539
6438	412
6439	3463
6440	2148
6441	2489
6442	1273
6443	895
6444	2214
6445	582
6446	3634
6447	3945
6448	2663
6449	4395
6450	2413
6451	1008
6452	109
6453	2506
6454	4028
6455	4267
6456	259
6457	2970
6458	2809
6459	4025
6460	2402
6461	1799
6462	4534
6463	2930
6464	3100
6465	2047
6466	3369
6467	2067
6468	4560
6469	3830
6470	1680
6471	2253
6472	3780
6473	527
6474	310
6475	2035
6476	978
6477	804
6478	2589
6479	2587
6480	3076
6481	2392
6482	4135
6483	1053
6484	4093
6485	1224
6486	4008
6487	4000
6488	3974
6489	1821
6490	2249
6491	2803
6492	466
6493	16
6494	1124
6495	2440
6496	3550
6497	933
6498	243
6499	3165
6500	4521
6501	2851
6502	1641
6503	1319
6504	3786
6505	3986
6506	386
6507	2463
6508	1474
6509	2468
6510	905
6511	1350
6512	1703
6513	2671
6514	3562
6515	706
6516	863
6517	185
6518	2698
6519	4149
6520	1535
6521	3293
6522	3916
6523	1848
6524	1467
6525	1408
6526	1718
6527	538
6528	3824
6529	1058
6530	3410
6531	4231
6532	2361
6533	3853
6534	2359
6535	1921
6536	3521
6537	3381
6538	1987
6539	2275
6540	937
6541	1795
6542	2421
6543	2568
6544	1218
6545	4447
6546	393
6547	2656
6548	2480
6549	2688
6550	2184
6551	282
6552	766
6553	1137
6554	2741
6555	1282
6556	3901
6557	1442
6558	2195
6559	458
6560	433
6561	4568
6562	3969
6563	87
6564	2320
6565	2751
6566	1822
6567	1336
6568	4203
6569	759
6570	2082
6571	3700
6572	3121
6573	3308
6574	621
6575	1414
6576	339
6577	4191
6578	2304
6580	1543
6581	2121
6582	2077
6583	2343
6584	1800
6585	2064
6586	3860
6587	238
6588	1257
6589	1595
6590	1067
6591	2846
6592	3481
6593	3441
6594	4458
6595	1286
6596	890
6597	979
6598	2049
6599	4348
6600	3315
6601	1640
6602	2382
6603	3583
6604	822
6605	2892
6606	2805
6607	337
6608	3577
6609	3332
6610	645
6611	1604
6612	235
6613	3421
6614	3004
6615	23
6616	1833
6617	2292
6618	4266
6619	4062
6620	2362
6621	2229
6622	4350
6623	4412
6624	3946
6625	735
6626	2418
6627	626
6628	2894
6629	2855
6630	1843
6631	2340
6632	2929
6633	2908
6634	2943
6635	515
6636	3270
6637	2852
6638	207
6639	3385
6640	2794
6641	2165
6642	201
6643	174
6644	2667
6645	2858
6646	4061
6647	1841
6648	718
6649	70
6650	1589
6651	98
6652	2200
6653	614
6654	2870
6655	3937
6656	2282
6657	3697
6658	172
6659	2285
6660	446
6661	2367
6662	1464
6663	4364
6664	4578
6665	2912
6666	3194
6667	215
6668	1498
6669	1420
6670	3106
6671	955
6672	375
6673	1997
6674	2385
6675	2124
6676	2294
6677	2389
6678	3473
6679	3664
6680	2887
6681	854
6682	1984
6683	3433
6684	2817
6685	1434
6686	3804
6687	2736
6688	2377
6689	1568
6690	4254
6691	403
6692	2837
6693	2014
6694	586
6695	3088
6696	299
6697	210
6698	4419
6699	3411
6700	3063
6701	3428
6702	233
6703	46
6704	1590
6705	4268
6706	4552
6707	406
6708	372
6709	4049
6710	806
6711	2247
6712	4581
6713	4218
6714	1947
6715	643
6716	2783
6717	523
6718	2283
6719	739
6720	2704
6721	2798
6722	3124
6723	2678
6724	2486
6725	831
6726	4494
6727	3793
6728	2113
6729	2495
6730	1552
6731	844
6732	1913
6733	1476
6734	2248
6735	276
6736	530
6737	315
6738	1197
6739	1221
6740	2431
6741	237
6742	4242
6743	158
6744	2565
6745	1331
6746	3127
6747	3651
6748	3655
6749	2895
6750	3838
6751	1749
6752	3392
6753	2591
6754	1460
6755	2542
6756	1174
6757	547
6758	4098
6759	3624
6760	501
6761	3645
6762	3857
6763	3364
6764	4407
6765	2571
6766	3615
6767	1819
6768	3418
6769	1687
6770	2080
6771	1113
6772	3810
6773	3346
6774	868
6775	2909
6776	2398
6777	4089
6778	4503
6779	4468
6780	1255
6781	3783
6782	2742
6783	3633
6784	197
6785	4448
6786	2011
6787	1481
6788	1162
6789	1973
6790	4486
6791	1495
6792	510
6793	103
6794	813
6795	1489
6796	227
6797	1536
6798	275
6799	2778
6800	3742
6801	872
6802	2942
6803	2676
6804	1554
6805	1758
6806	656
6807	669
6808	362
6809	3455
6810	2802
6811	1572
6812	2227
6813	135
6814	1863
6815	3236
6816	2963
6817	184
6818	1013
6819	1253
6820	223
6821	623
6822	1592
6823	795
6824	858
6825	2342
6826	1708
6827	1529
6828	874
6829	4184
6830	1943
6831	924
6832	444
6833	912
6834	897
6835	1444
6836	2744
6837	1203
6838	3492
6839	3900
6840	1381
6841	2265
6842	3376
6843	746
6844	3211
6845	3833
6846	1214
6847	346
6848	1782
6849	4307
6850	1145
6851	664
6852	2182
6853	4006
6854	3173
6855	2657
6856	4338
6857	424
6858	1095
6859	4108
6860	2907
6861	354
6862	3477
6863	229
6864	2252
6865	1428
6866	2481
6867	3354
6868	719
6869	3546
6870	3102
6871	3612
6872	3246
6873	802
6874	4478
6875	3420
6876	34
6877	3968
6878	2428
6879	1901
6880	1473
6881	2496
6882	2469
6883	468
6884	3642
6885	3972
6886	4533
6887	4487
6888	1896
6889	2919
6890	2538
6891	3189
6892	1567
6893	2611
6894	1347
6895	2935
6896	1266
6897	170
6898	1725
6899	3565
6900	129
6901	4574
6902	314
6903	3690
6904	2312
6905	763
6906	1435
6907	2516
6908	3161
6909	769
6910	1290
6911	901
6912	1701
6913	569
6914	496
6915	1243
6916	3311
6917	3048
6918	4085
6919	1122
6920	2301
6921	3322
6922	1114
6923	2642
6924	1257
6925	2919
6926	1276
6927	4511
6928	3605
6929	3339
6930	2989
6931	2794
6932	4517
6933	1334
6934	455
6935	2771
6936	60
6937	1768
6938	2058
6939	278
6940	3876
6941	1575
6942	1203
6943	2436
6944	1168
6945	1627
6946	1854
6947	760
6948	3088
6949	1594
6950	197
6951	3348
6952	4288
6953	2910
6954	1112
6955	1104
6956	2499
6957	2231
6958	657
6959	1618
6960	192
6961	2205
6962	4500
6963	4284
6964	1537
6965	74
6966	1577
6967	1145
6968	1662
6969	2650
6970	17
6971	3493
6972	1716
6973	4572
6974	2924
6975	3328
6976	3096
6977	3545
6978	3645
6979	1001
6980	1127
6981	154
6982	3843
6983	1758
6984	2407
6985	1834
6986	2104
6987	3134
6988	756
6989	4036
6990	4065
6991	319
6992	3411
6993	3114
6994	4316
6995	1630
6996	3237
6997	2130
6998	788
6999	12
7000	2024
7001	1460
7002	4157
7003	636
7004	4416
7005	2438
7006	3522
7007	4186
7008	3659
7009	1585
7010	3016
7011	4082
7012	779
7013	3919
7014	714
7015	376
7016	1425
7017	753
7018	1078
7019	3837
7020	3965
7021	2690
7022	1711
7023	4196
7024	3113
7025	3530
7026	3456
7027	3280
7028	834
7029	2862
7030	1277
7031	1435
7032	3397
7033	2803
7034	1712
7035	2439
7036	2569
7037	3155
7038	1909
7039	1906
7040	470
7041	4212
7042	399
7043	3422
7044	88
7045	1788
7046	3740
7047	2866
7048	3707
7049	3043
7050	1135
7051	1310
7052	3798
7053	149
7054	2661
7055	4305
7056	805
7057	1196
7058	716
7059	129
7060	3912
7061	880
7062	226
7063	2125
7064	4204
7065	3570
7066	1862
7067	870
7068	4465
7069	2073
7070	4182
7071	4361
7072	3899
7073	3859
7074	1390
7075	4414
7076	2821
7077	3186
7078	4518
7079	4356
7080	710
7081	462
7082	2032
7083	2663
7084	785
7085	2603
7086	2938
7087	1159
7088	373
7089	1380
7090	3495
7091	2593
7092	1433
7093	3065
7094	867
7095	1008
7096	2575
7097	258
7098	2555
7099	3136
7100	4224
7101	2006
7102	1081
7103	1697
7104	118
7105	864
7106	1415
7107	1883
7108	2720
7109	1658
7110	3289
7111	1252
7112	4056
7113	1963
7114	3892
7115	3620
7116	1755
7117	2772
7118	582
7119	1732
7120	416
7121	1264
7122	1699
7123	134
7124	3449
7125	801
7126	3240
7127	273
7128	143
7129	1930
7130	420
7131	2832
7132	3201
7133	2995
7134	1058
7135	2959
7136	1929
7137	3957
7138	1418
7139	846
7140	2028
7141	3579
7142	1743
7143	2877
7144	4506
7145	3653
7146	2245
7147	990
7148	1783
7149	3902
7150	457
7151	1259
7152	2338
7153	2657
7154	2019
7155	171
7156	34
7157	1353
7158	2432
7159	1220
7160	3905
7161	378
7162	2251
7163	3666
7164	527
7165	497
7166	1375
7167	238
7168	6
7169	735
7170	370
7171	4381
7172	2405
7173	177
7174	46
7175	568
7176	227
7177	3818
7178	1899
7179	2365
7180	460
7181	2788
7182	3209
7183	3384
7184	2324
7185	2340
7186	4005
7187	2733
7188	2199
7189	4419
7190	1330
7191	4292
7192	4329
7193	1801
7194	254
7195	721
7196	2998
7197	2109
7198	4283
7199	3685
7200	4406
7201	482
7202	109
7203	1685
7204	2512
7205	2828
7206	3752
7207	336
7208	1523
7209	3766
7210	1984
7211	4445
7212	2905
7213	2836
7214	802
7215	2713
7216	1812
7217	2646
7218	2458
7219	4046
7220	3867
7221	3820
7222	2330
7223	2623
7224	2701
7225	632
7226	3507
7227	791
7228	1693
7229	978
7230	1152
7231	1638
7232	1147
7233	213
7234	3873
7235	1261
7236	3004
7237	1904
7238	1197
7239	1786
7240	4565
7241	2433
7242	1966
7243	1287
7244	1329
7245	260
7246	2003
7247	1445
7248	4256
7249	2441
7250	3410
7251	1737
7252	3107
7253	1950
7254	2697
7255	2101
7256	4275
7257	3302
7258	2079
7259	2345
7260	3827
7261	942
7262	4097
7263	725
7264	2391
7265	3465
7266	3379
7267	3661
7268	2740
7269	2089
7270	1888
7271	858
7272	250
7273	2465
7274	4087
7275	775
7276	1665
7277	1544
7278	531
7279	1424
7280	236
7281	1350
7282	4418
7283	3101
7284	2336
7285	2855
7286	3452
7287	926
7288	45
7289	2157
7290	3652
7291	310
7292	795
7293	3333
7294	487
7295	3396
7296	1681
7297	1855
7298	1653
7299	3002
7300	4561
7301	3367
7302	4539
7303	1398
7304	1162
7305	2464
7306	2269
7307	3882
7308	1452
7309	633
7310	3711
7311	2807
7312	228
7313	1884
7314	1376
7315	974
7316	3344
7317	1518
7318	1954
7319	2370
7320	4348
7321	3525
7322	1810
7323	3830
7324	2572
7325	1727
7326	2844
7327	4074
7328	663
7329	906
7330	3705
7331	2090
7332	1761
7333	1331
7334	3006
7335	1219
7336	2706
7337	3314
7338	107
7339	3343
7340	1344
7341	3567
7342	4083
7343	1177
7344	1714
7345	2434
7346	741
7347	3779
7348	3238
7349	861
7350	737
7351	2147
7352	35
7353	1308
7354	2395
7355	3803
7356	309
7357	1917
7358	175
7359	174
7360	1312
7361	4567
7362	1902
7363	1649
7364	3046
7365	3283
7366	461
7367	1738
7368	2265
7369	3889
7370	2022
7371	1807
7372	3202
7373	3074
7374	3184
7375	2970
7376	488
7377	1369
7378	3297
7379	424
7380	988
7381	1595
7382	356
7383	3860
7384	3573
7385	2996
7386	3569
7387	3274
7388	4559
7389	3822
7390	1723
7391	1153
7392	3159
7393	2369
7394	2399
7395	2888
7396	3346
7397	4474
7398	1572
7399	1682
7400	2874
7401	2759
7402	2707
7403	2551
7404	2359
7405	2312
7406	1412
7407	3093
7408	625
7409	2352
7410	1559
7411	515
7412	950
7413	2909
7414	3276
7415	4410
7416	653
7417	2952
7418	3029
7419	3454
7420	3505
7421	3548
7422	3954
7423	666
7424	660
7425	435
7426	4420
7427	2548
7428	243
7429	2160
7430	4205
7431	3931
7432	3169
7433	1748
7434	2927
7435	1574
7436	299
7437	2617
7438	1364
7439	4091
7440	1476
7441	4039
7442	2471
7443	703
7444	120
7445	4115
7446	2337
7447	1795
7448	3584
7449	2084
7450	3496
7451	2382
7452	3482
7453	2992
7454	3248
7455	3815
7456	1959
7457	3635
7458	2964
7459	2053
7460	919
7461	1236
7462	878
7463	3676
7464	845
7465	2357
7466	2791
7467	3869
7468	3166
7469	3723
7470	289
7471	1776
7472	1535
7473	401
7474	2971
7475	1670
7476	2288
7477	2692
7478	3791
7479	218
7480	452
7481	1804
7482	485
7483	3678
7484	2746
7485	631
7486	4362
7487	4451
7488	554
7489	3732
7490	4503
7491	4261
7492	908
7493	2868
7494	2259
7495	3446
7496	2449
7497	286
7498	1144
7499	3503
7500	609
7501	1464
7502	3229
7503	579
7504	3354
7505	1342
7506	2091
7507	3618
7508	3401
7509	4134
7510	1617
7511	4044
7512	1343
7513	939
7514	400
7515	1211
7516	2178
7517	3177
7518	2676
7519	4009
7520	3875
7521	3144
7522	2038
7523	4153
7524	4295
7525	4084
7526	696
7527	2124
7528	1218
7529	3644
7530	3810
7531	2393
7532	677
7533	1791
7534	2276
7535	772
7536	3417
7537	4456
7538	2486
7539	1849
7540	2198
7541	4100
7542	1912
7543	1289
7544	766
7545	2541
7546	3683
7547	1733
7548	2194
7549	1765
7550	4488
7551	2635
7552	2166
7553	1643
7554	1805
7555	3421
7556	794
7557	3152
7558	550
7559	661
7560	3574
7561	3433
7562	4417
7563	2709
7564	2887
7565	1028
7566	1802
7567	1066
7568	1578
7569	2315
7570	3189
7571	3850
7572	3068
7573	314
7574	298
7575	702
7576	3374
7577	2723
7578	4210
7579	501
7580	338
7581	2051
7582	3941
7583	2890
7584	4390
7585	467
7586	15
7587	655
7588	4033
7589	1569
7590	2152
7591	651
7592	4105
7593	1158
7594	3230
7595	4313
7596	2097
7597	2856
7598	4545
7599	3272
7600	3492
7601	903
7602	2516
7603	124
7604	3720
7605	1391
7606	637
7607	3914
7608	1256
7609	3655
7610	1279
7611	3347
7612	1411
7613	4253
7614	3475
7615	3884
7616	3790
7617	2904
7618	774
7619	1057
7620	931
7621	1833
7622	4014
7623	1146
7624	2756
7625	3129
7626	4200
7627	782
7628	1240
7629	2453
7630	2798
7631	2437
7632	3233
7633	4171
7634	4487
7635	55
7636	202
7637	87
7638	1890
7639	767
7640	3014
7641	1868
7642	3995
7643	4369
7644	882
7645	830
7646	1615
7647	3079
7648	797
7649	2704
7650	701
7651	2753
7652	92
7653	814
7654	1009
7655	2665
7656	178
7657	2319
7658	1798
7659	1622
7660	4385
7661	3060
7662	1017
7663	832
7664	1989
7665	1455
7666	688
7667	2415
7668	3880
7669	2624
7670	1356
7671	3464
7672	573
7673	2368
7674	682
7675	153
7676	1110
7677	4464
7678	3398
7679	1063
7680	1784
7681	1176
7682	3296
7683	1760
7684	3365
7685	2213
7686	2144
7687	689
7688	1179
7689	1803
7690	1076
7691	1579
7692	267
7693	2479
7694	2892
7695	2742
7696	3463
7697	3966
7698	3650
7699	4332
7700	3546
7701	1604
7702	253
7703	2150
7704	2342
7705	1072
7706	994
7707	2563
7708	398
7709	3800
7710	3716
7711	2695
7712	3256
7713	2018
7714	940
7715	3210
7716	1493
7717	730
7718	3587
7719	2481
7720	185
7721	2228
7722	3828
7723	3263
7724	346
7725	1922
7726	2578
7727	2274
7728	492
7729	1491
7730	3118
7731	1533
7732	3597
7733	10
7734	2726
7735	3949
7736	4466
7737	1235
7738	80
7739	1554
7740	3613
7741	3917
7742	1808
7743	2883
7744	1863
7745	1014
7746	176
7747	1775
7748	3523
7749	3585
7750	820
7751	4425
7752	2218
7753	3071
7754	1981
7755	1247
7756	1611
7757	3445
7758	4333
7759	3381
7760	409
7761	3568
7762	3234
7763	2461
7764	3537
7765	4098
7766	2774
7767	329
7768	2450
7769	3250
7770	1486
7771	1003
7772	986
7773	4143
7774	3483
7775	3795
7776	4170
7777	4422
7778	1044
7779	3663
7780	3069
7781	541
7782	3770
7783	3817
7784	3611
7785	4277
7786	2285
7787	2191
7788	95
7789	2837
7790	2327
7791	822
7792	3736
7793	24
7794	4509
7795	1278
7796	622
7797	4180
7798	3281
7799	2163
7800	3386
7801	2052
7802	1108
7803	3438
7804	592
7805	3204
7806	4317
7807	2204
7808	4052
7809	4150
7810	30
7811	3891
7812	4556
7813	4216
7814	2662
7815	3551
7816	1422
7817	600
7818	1672
7819	3182
7820	4475
7821	1184
7822	1428
7823	84
7824	2241
7825	4340
7826	1473
7827	659
7828	1710
7829	111
7830	4492
7831	4436
7832	284
7833	1166
7834	4124
7835	43
7836	1770
7837	115
7838	2222
7839	914
7840	2899
7841	1092
7842	2447
7843	3962
7844	4220
7845	38
7846	4201
7847	3602
7848	162
7849	996
7850	2913
7851	3596
7852	3462
7853	4053
7854	3531
7855	2474
7856	2376
7857	4027
7858	992
7859	3392
7860	2400
7861	1781
7862	2507
7863	1212
7864	1238
7865	2334
7866	1602
7867	713
7868	3589
7869	3005
7870	970
7871	3990
7872	826
7873	2947
7874	2981
7875	3693
7876	3563
7877	2576
7878	1564
7879	1969
7880	3670
7881	533
7882	3922
7883	447
7884	3871
7885	4294
7886	237
7887	2820
7888	545
7889	3123
7890	3443
7891	3637
7892	2717
7893	3058
7894	3532
7895	900
7896	3561
7897	1396
7898	2680
7899	4130
7900	2781
7901	4435
7902	3066
7903	2767
7904	316
7905	4287
7906	1216
7907	3252
7908	3646
7909	3355
7910	2044
7911	390
7912	745
7913	4001
7914	2796
7915	2088
7916	3877
7917	2071
7918	63
7919	2138
7920	66
7921	116
7922	817
7923	2273
7924	656
7925	1763
7926	180
7927	1263
7928	912
7929	2652
7930	4181
7931	1923
7932	3738
7933	3175
7934	2642
7935	3664
7936	563
7937	3944
7938	2579
7939	2004
7940	901
7941	439
7942	1636
7943	2914
7944	3148
7945	3326
7946	99
7947	2504
7948	215
7949	2145
7950	2286
7951	3979
7952	3313
7953	4471
7954	3735
7955	1519
7956	4335
7957	1623
7958	421
7959	1549
7960	2718
7961	3284
7962	1746
7963	921
7964	2528
7965	3671
7966	2514
7967	2040
7968	3865
7969	2224
7970	998
7971	1910
7972	2930
7973	3936
7974	2442
7975	2565
7976	2296
7977	3162
7978	508
7979	3303
7980	1019
7981	90
7982	668
7983	1836
7984	2893
7985	4022
7986	1283
7987	288
7988	2906
7989	3196
7990	188
7991	1133
7992	1851
7993	2926
7994	2431
7995	536
7996	2171
7997	1845
7998	1397
7999	2750
8000	1644
8001	2570
8002	22
8003	2775
8004	4428
8005	670
8006	3959
8007	1942
8008	2093
8009	337
8010	68
8011	4274
8012	1513
8013	2074
8014	2339
8015	1814
8016	516
8017	1764
8018	4129
8019	1844
8020	4459
8021	1920
8022	294
8023	2133
8024	1735
8025	2932
8026	4225
8027	1335
8028	2715
8029	4273
8030	2633
8031	2196
8032	431
8033	4268
8034	1997
8035	1503
8036	2741
8037	3973
8038	1225
8039	1996
8040	4543
8041	763
8042	4325
8043	208
8044	879
8045	3427
8046	2873
8047	2936
8048	2721
8049	673
8050	1864
8051	4405
8052	2460
8053	1511
8054	1062
8055	4162
8056	4018
8057	4177
8058	2148
8059	2611
8060	3765
8061	650
8062	1384
8063	935
8064	3788
8065	413
8066	3208
8067	3923
8068	209
8069	2822
8070	1606
8071	2582
8072	2347
8073	630
8074	1558
8075	2175
8076	214
8077	3253
8078	3839
8079	3564
8080	3035
8081	4404
8082	3089
8083	2187
8084	911
8085	3059
8086	1182
8087	1913
8088	2590
8089	1414
8090	1336
8091	3025
8092	2034
8093	1427
8094	4276
8095	2685
8096	502
8097	2719
8098	1757
8099	3694
8100	2859
8101	731
8102	4505
8103	4472
8104	1080
8105	1316
8106	963
8107	1318
8108	1600
8109	652
8110	1244
8111	3226
8112	2444
8113	4269
8114	815
8115	2080
8116	4497
8117	1502
8118	331
8119	1542
8120	3993
8121	2229
8122	2141
8123	2256
8124	1187
8125	4330
8126	719
8127	4265
8128	2872
8129	2546
8130	4055
8131	437
8132	1303
8133	849
8134	1695
8135	1339
8136	3434
8137	3188
8138	1258
8139	3651
8140	4270
8141	361
8142	1075
8143	3629
8144	3556
8145	937
8146	2430
8147	628
8148	537
8149	1790
8150	3489
8151	4370
8152	2557
8153	2173
8154	1180
8155	3023
8156	1977
8157	915
8158	4327
8159	1118
8160	2446
8161	848
8162	4393
8163	1919
8164	1674
8165	3460
8166	3906
8167	3181
8168	1120
8169	4086
8170	2495
8171	3380
8172	1237
8173	4377
8174	465
8175	641
8176	3527
8177	3696
8178	2825
8179	2902
8180	3236
8181	357
8182	4120
8183	1545
8184	1249
8185	2452
8186	4255
8187	945
8188	3826
8189	3515
8190	2290
8191	1777
8192	255
8193	2402
8194	1148
8195	3989
8196	3435
8197	4126
8198	1767
8199	404
8200	353
8201	220
8202	3802
8203	3878
8204	2472
8205	2944
8206	2979
8207	1195
8208	1362
8209	2484
8210	3424
8211	1859
8212	1305
8213	3816
8214	352
8215	2921
8216	2211
8217	3747
8218	2769
8219	3609
8220	1061
8221	3138
8222	2999
8223	4508
8224	1995
8225	3631
8226	3541
8227	269
8228	1955
8229	4272
8230	1937
8231	1083
8232	3255
8233	1640
8234	644
8235	1581
8236	1901
8237	608
8238	2941
8239	3951
8240	1975
8241	4297
8242	509
8243	1873
8244	1552
8245	3330
8246	1724
8247	2607
8248	2017
8249	3331
8250	4519
8251	2317
8252	3312
8253	2388
8254	1787
8255	3715
8256	1483
8257	3024
8258	1379
8259	343
8260	4249
8261	1915
8262	1341
8263	28
8264	2987
8265	2389
8266	1972
8267	4107
8268	4239
8269	2778
8270	3565
8271	83
8272	70
8273	4244
8274	2634
8275	4432
8276	2451
8277	1296
8278	768
8279	3838
8280	1208
8281	899
8282	980
8283	2002
8284	4371
8285	678
8286	4092
8287	812
8288	1822
8289	4579
8290	3823
8291	2817
8292	4003
8293	831
8294	1811
8295	2065
8296	2543
8297	3774
8298	952
8299	1797
8300	4364
8301	562
8302	1314
8303	1620
8304	4431
8305	3916
8306	1708
8307	3197
8308	601
8309	2250
8310	2637
8311	3623
8312	3996
8313	2736
8314	2182
8315	1420
8316	4118
8317	3898
8318	4524
8319	747
8320	1285
8321	1875
8322	301
8323	2766
8324	1467
8325	932
8326	108
8327	2928
8328	4454
8329	3468
8330	2294
8331	18
8332	1142
8333	823
8334	982
8335	1719
8336	2120
8337	752
8338	2257
8339	1870
8340	1553
8341	4208
8342	3301
8343	4267
8344	221
8345	1034
8346	2475
8347	4407
8348	4533
8349	534
8350	3726
8351	2963
8352	2710
8353	26
8354	4476
8355	4569
8356	2951
8357	892
8358	1449
8359	140
8360	4135
8361	3404
8362	2287
8363	1607
8364	1361
8365	53
8366	479
8367	4551
8368	1410
8369	1456
8370	1206
8371	2466
8372	754
8373	2070
8374	1084
8375	3634
8376	3588
8377	270
8378	3500
8379	3907
8380	2279
8381	865
8382	317
8383	3809
8384	3807
8385	4108
8386	388
8387	910
8388	770
8389	1241
8390	581
8391	2134
8392	1323
8393	3369
8394	3933
8395	1471
8396	3911
8397	3542
8398	348
8399	233
8400	3680
8401	3121
8402	186
8403	1360
8404	2086
8405	2164
8406	2047
8407	2985
8408	1841
8409	4314
8410	3448
8411	3085
8412	743
8413	2762
8414	1337
8415	2903
8416	1999
8417	750
8418	3081
8419	4574
8420	4184
8421	3399
8422	3104
8423	187
8424	366
8425	3491
8426	1840
8427	1624
8428	2545
8429	2456
8430	3377
8431	1583
8432	3896
8433	1957
8434	40
8435	4462
8436	2702
8437	2118
8438	720
8439	182
8440	489
8441	1000
8442	4345
8443	1059
8444	3329
8445	2792
8446	1593
8447	930
8448	4349
8449	2610
8450	484
8451	3309
8452	4312
8453	2907
8454	159
8455	4043
8456	671
8457	3371
8458	3857
8459	3441
8460	2826
8461	3373
8462	3633
8463	466
8464	2343
8465	4109
8466	4010
8467	263
8468	1338
8469	2754
8470	3717
8471	1520
8472	2975
8473	4141
8474	4346
8475	3695
8476	3741
8477	3571
8478	3742
8479	1990
8480	3512
8481	1739
8482	2686
8483	2786
8484	742
8485	3172
8486	1759
8487	1893
8488	2176
8489	375
8490	1943
8491	1806
8492	4553
8493	664
8494	3524
8495	344
8496	765
8497	1837
8498	4468
8499	219
8500	4516
8501	1052
8502	2149
8503	1164
8504	2295
8505	1454
8506	3714
8507	3273
8508	4173
8509	1332
8510	7
8511	3667
8512	4132
8513	3156
8514	3755
8515	1071
8516	981
8517	2064
8518	2311
8519	1163
8520	2440
8521	2608
8522	3636
8523	3614
8524	2110
8525	1322
8526	575
8527	709
8528	2107
8529	1055
8530	4528
8531	1631
8532	3045
8533	551
8534	4029
8535	4489
8536	4510
8537	1012
8538	3768
8539	599
8540	539
8541	976
8542	792
8543	403
8544	412
8545	3261
8546	3224
8547	875
8548	3366
8549	1866
8550	1340
8551	2083
8552	1987
8553	2645
8554	1563
8555	2784
8556	2793
8557	1481
8558	1160
8559	2078
8560	3499
8561	2207
8562	3595
8563	61
8564	2830
8565	3211
8566	2011
8567	1612
8568	1599
8569	276
8570	3094
8571	1778
8572	2815
8573	1637
8574	2949
8575	1668
8576	3552
8577	520
8578	3737
8579	4045
8580	4040
8581	2102
8582	841
8583	3130
8584	1656
8585	512
8586	2752
8587	1941
8588	2858
8589	1628
8590	2505
8591	2568
8592	1952
8593	2601
8594	4155
8595	3225
8596	59
8597	4218
8598	626
8599	1169
8600	1488
8601	3247
8602	4002
8603	3007
8604	3909
8605	3805
8606	4051
8607	4290
8608	2976
8609	3997
8610	4222
8611	610
8612	3518
8613	394
8614	604
8615	4453
8616	2583
8617	385
8618	985
8619	2169
8620	3718
8621	2473
8622	4076
8623	458
8624	4402
8625	884
8626	3092
8627	4235
8628	4484
8629	853
8630	1378
8631	98
8632	1666
8633	3436
8634	2023
8635	2894
8636	4308
8637	1069
8638	4060
8639	3504
8640	1874
8641	3199
8642	3947
8643	381
8644	4507
8645	2532
8646	89
8647	556
8648	160
8649	789
8650	1272
8651	2095
8652	2729
8653	4440
8654	3925
8655	3986
8656	1385
8657	3194
8658	2033
8659	558
8660	3122
8661	3409
8662	3758
8663	1281
8664	198
8665	1113
8666	3669
8667	3439
8668	4531
8669	1667
8670	2354
8671	1431
8672	405
8673	2167
8674	1744
8675	1026
8676	283
8677	513
8678	3991
8679	3549
8680	1227
8681	4004
8682	4328
8683	3915
8684	2457
8685	1827
8686	4160
8687	222
8688	2263
8689	824
8690	1292
8691	672
8692	3192
8693	917
8694	503
8695	694
8696	2553
8697	443
8698	2973
8699	4080
8700	3710
8701	3158
8702	2215
8703	1065
8704	2117
8705	4038
8706	2886
8707	2525
8708	4054
8709	902
8710	3391
8711	3471
8712	2800
8713	473
8714	4547
8715	860
8716	2123
8717	1821
8718	137
8719	995
8720	152
8721	2416
8722	1389
8723	224
8724	898
8725	2385
8726	897
8727	3031
8728	973
8729	3342
8730	4191
8731	2638
8732	1143
8733	3187
8734	2374
8735	2881
8736	1726
8737	4154
8738	3893
8739	4310
8740	3781
8741	165
8742	918
8743	2664
8744	1086
8745	1766
8746	2179
8747	2584
8748	2184
8749	2252
8750	3157
8751	3467
8752	4202
8753	1345
8754	1678
8755	1498
8756	4146
8757	3473
8758	2816
8759	844
8760	3566
8761	1317
8762	2765
8763	374
8764	2348
8765	2631
8766	3888
8767	962
8768	1601
8769	2180
8770	4025
8771	3533
8772	3526
8773	131
8774	315
8775	1358
8776	1565
8777	2462
8778	3654
8779	3245
8780	1095
8781	3746
8782	4379
8783	2316
8784	2308
8785	216
8786	2404
8787	2366
8788	3412
8789	3062
8790	751
8791	1677
8792	3764
8793	1819
8794	3509
8795	1896
8796	2234
8797	2929
8798	800
8799	326
8800	2082
8801	1111
8802	296
8803	2814
8804	4461
8805	4041
8806	4085
8807	2612
8808	593
8809	3278
8810	1233
8811	2041
8812	1172
8813	3442
8814	1492
8815	3469
8816	3984
8817	2716
8818	3090
8819	3100
8820	481
8821	52
8822	744
8823	951
8824	3506
8825	881
8826	1800
8827	1517
8828	1608
8829	1466
8830	1751
8831	3520
8832	380
8833	1741
8834	4477
8835	2653
8836	3265
8837	42
8838	133
8839	3440
8840	1484
8841	3935
8842	4203
8843	406
8844	327
8845	3036
8846	2912
8847	4133
8848	2972
8849	4300
8850	355
8851	212
8852	1138
8853	2323
8854	1365
8855	4388
8856	2942
8857	1348
8858	2378
8859	603
8860	2841
8861	759
8862	916
8863	75
8864	2321
8865	1835
8866	1530
8867	1388
8868	1229
8869	4353
8870	4104
8871	4535
8872	2669
8873	3498
8874	459
8875	1294
8876	2394
8877	1140
8878	440
8879	2956
8880	2920
8881	2012
8882	441
8883	1421
8884	3050
8885	2984
8886	1469
8887	4119
8888	2824
8889	3457
8890	3656
8891	4093
8892	1584
8893	1048
8894	2055
8895	3217
8896	3560
8897	1964
8898	3961
8899	4148
8900	3057
8901	4392
8902	2983
8903	4546
8904	3622
8905	2154
8906	2667
8907	3239
8908	4498
8909	2606
8910	1039
8911	2159
8912	1686
8913	429
8914	1347
8915	3030
8916	3852
8917	4460
8918	2544
8919	4006
8920	4079
8921	1016
8922	1696
8923	2425
8924	2291
8925	3753
8926	3677
8927	272
8928	706
8929	3501
8930	1107
8931	16
8932	4537
8933	1664
8934	3223
8935	285
8936	1408
8937	2406
8938	4031
8939	4175
8940	1566
8941	4147
8942	4375
8943	3698
8944	3513
8945	1441
8946	3510
8947	341
8948	948
8949	2876
8950	3015
8951	127
8952	4397
8953	535
8954	991
8955	4532
8956	2129
8957	811
8958	1556
8959	3508
8960	391
8961	3679
8962	4439
8963	100
8964	280
8965	2419
8966	1903
8967	1536
8968	2280
8969	2043
8970	2940
8971	3572
8972	1974
8973	886
8974	3376
8975	3288
8976	2135
8977	4099
8978	711
8979	1394
8980	3061
8981	4413
8982	1128
8983	1861
8984	2126
8985	3179
8986	3992
8987	1434
8988	777
8989	954
8990	1869
8991	4540
8992	4478
8993	1891
8994	1527
8995	3575
8996	1970
8997	850
8998	1573
8999	3458
9000	3763
9001	3682
9002	1936
9003	1605
9004	3775
9005	157
9006	3315
9007	2813
9008	3592
9009	4136
9010	1698
9011	2799
9012	3604
9013	2367
9014	311
9015	4128
9016	4309
9017	3325
9018	1982
9019	946
9020	1700
9021	674
9022	4473
9023	2911
9024	164
9025	2244
9026	1524
9027	449
9028	2687
9029	2220
9030	2237
9031	2377
9032	4448
9033	3416
9034	3847
9035	3785
9036	790
9037	3833
9038	217
9039	4493
9040	392
9041	1103
9042	2770
9043	4127
9044	3796
9045	4521
9046	1736
9047	256
9048	3929
9049	2620
9050	106
9051	1847
9052	3351
9053	2535
9054	2860
9055	634
9056	4363
9057	3141
9058	4214
9059	480
9060	4360
9061	1933
9062	2780
9063	2851
9064	1417
9065	349
9066	196
9067	3628
9068	2264
9069	1852
9070	3690
9071	3151
9072	4536
9073	2185
9074	3244
9075	1931
9076	496
9077	4324
9078	955
9079	2143
9080	94
9081	3040
9082	4042
9083	456
9084	3950
9085	3400
9086	2779
9087	4048
9088	3407
9089	490
9090	3426
9091	2249
9092	1877
9093	2208
9094	2699
9095	3019
9096	540
9097	570
9098	1267
9099	594
9100	4117
9101	3165
9102	1154
9103	3806
9104	3372
9105	4443
9106	2935
9107	1068
9108	3977
9109	787
9110	1474
9111	166
9112	395
9113	3903
9114	893
9115	3750
9116	2917
9117	3055
9118	4538
9119	275
9120	139
9121	3098
9122	627
9123	3748
9124	4552
9125	333
9126	4495
9127	4114
9128	3647
9129	2658
9130	1715
9131	623
9132	402
9133	408
9134	3797
9135	821
9136	1734
9137	840
9138	2550
9139	2809
9140	4095
9141	3087
9142	4467
9143	2962
9144	718
9145	559
9146	483
9147	4167
9148	1407
9149	2632
9150	2834
9151	3956
9152	3607
9153	3743
9154	576
9155	3787
9156	1747
9157	146
9158	4017
9159	1234
9160	183
9161	969
9162	4198
9163	4562
9164	4434
9165	4034
9166	308
9167	1785
9168	2035
9169	1567
9170	4279
9171	1832
9172	695
9173	2103
9174	2636
9175	358
9176	2659
9177	1088
9178	2046
9179	62
9180	3479
9181	3953
9182	2533
9183	4320
9184	51
9185	2268
9186	4513
9187	4008
9188	727
9189	4529
9190	4421
9191	500
9192	2372
9193	3470
9194	2467
9195	944
9196	4298
9197	3214
9198	2371
9199	4336
9200	3277
9201	4387
9202	4525
9203	2112
9204	4378
9205	4165
9206	2021
9207	1346
9208	2751
9209	3940
9210	101
9211	595
9212	2111
9213	184
9214	2823
9215	3591
9216	2783
9217	1561
9218	119
9219	771
9220	2463
9221	2496
9222	3648
9223	3231
9224	2260
9225	1992
9226	4315
9227	2353
9228	2325
9229	3780
9230	1199
9231	1587
9232	1991
9233	2320
9234	1660
9235	984
9236	4030
9237	2777
9238	3356
9239	1728
9240	587
9241	4145
9242	755
9243	876
9244	3640
9245	2586
9246	3390
9247	4106
9248	1382
9249	2015
9250	4544
9251	2948
9252	2350
9253	4183
9254	495
9255	1596
9256	4021
9257	2615
9258	2007
9259	97
9260	3969
9261	372
9262	2322
9263	73
9264	4071
9265	3700
9266	1705
9267	645
9268	3593
9269	548
9270	700
9271	2660
9272	1352
9273	1867
9274	4424
9275	1916
9276	1528
9277	3734
9278	3782
9279	1070
9280	4103
9281	3086
9282	736
9283	1858
9284	3976
9285	3686
9286	2477
9287	2048
9288	2640
9289	389
9290	2275
9291	2884
9292	1702
9293	1676
9294	2468
9295	494
9296	4088
9297	3502
9298	2106
9299	1515
9300	1639
9301	1073
9302	2326
9303	4299
9304	2937
9305	1224
9306	3983
9307	3831
9308	2202
9309	3616
9310	2957
9311	1432
9312	2483
9313	4070
9314	2358
9315	444
9316	4409
9317	4138
9318	2426
9319	4066
9320	909
9321	3558
9322	223
9323	3749
9324	1231
9325	1938
9326	3772
9327	345
9328	1087
9329	1293
9330	4227
9331	2248
9332	1156
9333	1377
9334	1499
9335	1006
9336	1911
9337	2363
9338	1482
9339	3171
9340	3228
9341	894
9342	2318
9343	3521
9344	1005
9345	2042
9346	2845
9347	3557
9348	3128
9349	3739
9350	798
9351	2063
9352	2619
9353	3581
9354	510
9355	1122
9356	4188
9357	3927
9358	712
9359	21
9360	2119
9361	4163
9362	3357
9363	873
9364	306
9365	1539
9366	4013
9367	793
9368	3026
9369	3538
9370	4433
9371	2980
9372	4075
9373	3478
9374	103
9375	3063
9376	451
9377	4164
9378	2209
9379	3855
9380	4403
9381	4064
9382	2127
9383	2806
9384	2313
9385	3453
9386	1123
9387	577
9388	2116
9389	3124
9390	1794
9391	665
9392	2797
9393	843
9394	161
9395	1298
9396	1250
9397	1550
9398	1175
9399	3668
9400	3910
9401	2057
9402	2424
9403	3466
9404	3832
9405	1983
9406	3419
9407	2594
9408	4383
9409	3053
9410	1789
9411	3484
9412	2482
9413	2618
9414	578
9415	3336
9416	1470
9417	2509
9418	241
9419	4427
9420	147
9421	2206
9422	1843
9423	3145
9424	4499
9425	271
9427	1494
9428	1948
9429	1769
9430	1529
9431	3364
9432	2489
9433	1082
9434	3792
9435	3116
9436	2329
9437	1230
9438	121
9439	290
9440	414
9441	3982
9442	44
9443	1675
9444	1134
9445	1480
9446	1880
9447	1053
9448	1213
9449	2
9450	1371
9451	685
9452	3178
9453	1988
9454	3028
9455	2647
9456	2068
9457	2172
9458	3105
9459	1132
9460	4463
9461	1679
9462	4090
9463	883
9464	3904
9465	3084
9466	2595
9467	1905
9468	4366
9469	967
9470	3908
9471	2390
9472	4178
9473	1717
9474	3771
9475	2186
9476	3599
9477	1932
9478	1139
9479	3461
9480	597
9481	613
9482	2421
9483	1136
9484	3389
9485	3722
9486	2787
9487	2165
9488	4221
9489	4011
9490	1302
9491	3624
9492	639
9493	1522
9494	3799
9495	2128
9496	453
9497	933
9498	1035
9499	602
9500	2808
9501	4398
9502	2700
9503	1013
9504	91
9505	4047
9506	3872
9507	387
9508	1204
9509	818
9510	2301
9511	964
9512	3786
9513	396
9514	1892
9515	3099
9516	3519
9517	3299
9518	2714
9519	3767
9520	1306
9521	1423
9522	4266
9523	891
9524	1796
9525	2990
9526	417
9527	2539
9528	193
9529	816
9530	1718
9531	4550
9532	1309
9533	4156
9534	4457
9535	2413
9536	2547
9537	546
9538	3402
9539	3793
9540	2200
9541	1774
9542	2243
9543	956
9544	2383
9545	3451
9546	211
9547	2414
9548	3038
9549	2409
9550	2233
9551	1260
9552	3544
9553	4187
9554	2581
9555	2108
9556	3269
9557	708
9558	1161
9559	2882
9560	4236
9561	1079
9562	1571
9563	3858
9564	383
9565	3621
9566	643
9567	3688
9568	1248
9569	813
9570	591
9571	2219
9572	1453
9573	3745
9574	2782
9575	3971
9576	3327
9577	2423
9578	2965
9579	3547
9580	532
9581	2588
9582	3913
9583	3543
9584	419
9585	3249
9586	3987
9587	2966
9588	1368
9589	2604
9590	2293
9591	504
9592	1828
9593	1223
9594	4382
9595	2829
9596	2847
9597	3317
9598	1105
9599	3164
9600	3731
9601	1592
9602	3173
9603	2266
9604	4342
9605	1477
9606	1357
9607	3414
9608	363
9609	693
9610	3110
9611	1976
9612	2142
9613	3251
9614	2955
9615	3370
9616	1210
9617	529
9618	2688
9619	1730
9620	2177
9621	325
9622	2255
9623	113
9624	3480
9625	1703
9626	2216
9627	471
9628	1387
9629	2773
9630	2008
9631	321
9632	3368
9633	1141
9634	924
9635	1687
9636	1725
9637	3013
9638	1616
9639	1373
9640	1067
9641	1085
9642	3550
9643	3576
9644	4577
9645	3413
9646	3756
9647	3415
9648	4063
9649	1588
9650	2997
9651	4059
9652	448
9653	1451
9654	3286
9655	3403
9656	4215
9657	2681
9658	2332
9659	4262
9660	1090
9661	2693
9662	2757
9663	2099
9664	360
9665	2863
9666	4318
9667	4289
9668	1647
9669	4496
9670	3709
9671	920
9672	4394
9673	339
9674	3213
9675	2523
9676	681
9677	3200
9678	3430
9679	3819
9680	3010
9681	64
9682	2427
9683	856
9684	362
9685	3097
9686	3825
9687	3540
9688	1304
9689	819
9690	4449
9691	2626
9692	3481
9693	1031
9694	3447
9695	726
9696	2703
9697	762
9698	3477
9699	199
9700	2678
9701	4581
9702	3353
9703	2708
9704	1402
9705	4158
9706	142
9707	203
9708	3264
9709	2096
9710	3486
9711	1525
9712	2487
9713	929
9714	1532
9715	3319
9716	3385
9717	4207
9718	2747
9719	335
9720	1282
9721	3942
9722	4260
9723	3968
9724	518
9725	3960
9726	1701
9727	3076
9728	3630
9729	4199
9730	2605
9731	3713
9732	3262
9733	1255
9734	3320
9735	4228
9736	2072
9737	1720
9738	2278
9739	1328
9740	3497
9741	1971
9742	4058
9743	1740
9744	839
9745	3610
9746	1459
9747	2455
9748	3308
9749	658
9750	3174
9751	36
9752	249
9753	3529
9754	3751
9755	86
9756	207
9757	2596
9758	1307
9759	2950
9760	426
9761	3778
9762	155
9763	126
9764	3761
9765	472
9766	4049
9767	3432
9768	2656
9769	2958
9770	1226
9771	4123
9772	3639
9773	4555
9774	4174
9775	2818
9776	2524
9777	225
9778	304
9779	1280
9780	3241
9781	2310
9782	2397
9783	836
9784	2761
9785	4101
9786	2560
9787	3559
9788	4367
9789	619
9790	3643
9791	3642
9792	3163
9793	4576
9794	1771
9795	2005
9796	1038
9797	687
9798	3759
9799	3008
9800	2153
9801	3033
9802	2156
9803	3783
9804	2490
9805	4179
9806	245
9807	2137
9808	3259
9809	359
9810	2066
9811	3305
9812	1540
9813	1706
9814	136
9815	2728
9816	4560
9817	4019
9818	1254
9819	1927
9820	499
9821	386
9822	2469
9823	4423
9824	4368
9825	4322
9826	2649
9827	3840
9828	3845
9829	231
9830	170
9831	1961
9832	3126
9833	4243
9834	2292
9835	1051
9836	2870
9837	3488
9838	3866
9839	1591
9840	364
9841	4554
9842	2896
9843	2923
9844	3930
9845	2417
9846	4240
9847	1137
9848	3290
9849	2230
9850	1461
9851	25
9852	4257
9853	1782
9854	1049
9855	1246
9856	723
9857	3316
9858	252
9859	4094
9860	3266
9861	1050
9862	474
9863	19
9864	3619
9865	1355
9866	3555
9867	2485
9868	266
9869	783
9870	442
9871	194
9872	1021
9873	667
9874	2476
9875	2878
9876	828
9877	1299
9878	1753
9879	1935
9880	3590
9881	4209
9882	1429
9883	4286
9884	511
9885	3600
9886	1386
9887	436
9888	4400
9889	2842
9890	1024
9891	3359
9892	1045
9893	2445
9894	3724
9895	835
9896	2591
9897	3945
9898	2151
9899	3352
9900	3132
9901	3332
9902	486
9903	1621
9904	4089
9905	2839
9906	4241
9907	4282
9908	4408
9909	2600
9910	368
9911	3879
9912	3119
9913	3744
9914	3147
9915	2933
9916	949
9917	3829
9918	2519
9919	3205
9920	3108
9921	1004
9922	3615
9923	1635
9924	1986
9925	2351
9926	3733
9927	999
9928	3627
9929	2521
9930	4491
9931	3455
9932	1691
9933	2349
9934	2492
9935	2247
9936	979
9937	3697
9938	2871
9939	3049
9940	3975
9941	1756
9942	4573
9943	887
9944	2540
9945	2075
9946	2100
9947	1173
9948	806
9949	3258
9950	1657
9951	4412
9952	1634
9953	1646
9954	1830
9955	1745
9956	4485
9957	1857
9958	4142
9959	340
9960	1022
9961	1856
9962	1951
9963	1609
9964	3149
9965	3946
9966	4137
9967	958
9968	2666
9969	938
9970	2846
9971	2674
9972	190
9973	1850
9974	430
9975	2564
9976	4219
9977	2300
9978	2812
9979	646
9980	122
9981	1354
9982	2698
9983	350
9984	433
9985	1831
9986	1242
9987	1619
9988	3844
9989	1713
9990	4481
9991	3662
9992	4242
9993	2503
9994	2155
9995	1978
9996	3271
9997	640
9998	2549
9999	1438
10000	3221
10001	2188
10002	1002
10003	1603
10004	2396
10005	928
10006	2538
10007	293
10008	2589
10009	4441
10010	2655
10011	606
10012	2554
10013	2364
10014	2344
10015	67
10016	2183
10017	1495
10018	3708
10019	2114
10020	302
10021	3235
10022	1900
10023	384
10024	265
10025	475
10026	39
10027	525
10028	2305
10029	505
10030	1392
10031	3048
10032	2331
10033	4480
10034	354
10035	2694
10036	41
10037	438
10038	3727
10039	4391
10040	2281
10041	2994
10042	123
10043	2558
10044	3349
10045	58
10046	4302
10047	4195
10048	3821
10049	854
10050	295
10051	163
10052	3307
10053	4102
10054	2303
10055	2725
10056	281
10057	3485
10058	758
10059	2020
10060	1979
10061	1401
10062	1815
10063	3003
10064	3140
10065	1426
10066	4285
10067	1940
10068	4000
10069	2168
10070	1010
10071	2360
10072	3963
10073	4246
10074	1268
10075	2037
10076	1117
10077	2333
10078	3198
10079	4541
10080	4355
10081	3183
10082	1275
10083	2585
10084	524
10085	2556
10086	2853
10087	1393
10088	4293
10089	248
10090	4023
10091	1878
10092	4151
10093	3943
10094	2865
10095	4062
10096	3606
10097	784
10098	1324
10099	1960
10100	4050
10101	2513
10102	4078
10103	77
10104	3358
10105	112
10106	3444
10107	1326
10108	3703
10109	2852
10110	4081
10111	3474
10112	2643
10113	3974
10114	3881
10115	2731
10116	738
10117	1894
10118	1209
10119	54
10120	1709
10121	2969
10122	4229
10123	4564
10124	1956
10125	493
10126	3
10127	717
10128	2559
10129	2848
10130	3964
10131	4169
10132	3934
10133	614
10134	4483
10135	4193
10136	3142
10137	612
10138	179
10139	407
10140	2494
10141	8
10142	1839
10143	2139
10144	3011
10145	2511
10146	1721
10147	1351
10148	1381
10149	890
10150	2328
10151	4442
10152	1114
10153	2945
10154	2745
10155	3176
10156	141
10157	2960
10158	1626
10159	1174
10160	863
10161	2651
10162	1327
10163	2811
10164	1405
10165	3476
10166	4304
10167	1222
10168	4548
10169	2675
10170	804
10171	1367
10172	2506
10173	2527
10174	2459
10175	3672
10176	1181
10177	2242
10178	1582
10179	2136
10180	757
10181	3111
10182	4112
10183	4319
10184	2785
10185	1266
10186	4563
10187	1629
10188	1221
10189	616
10190	4411
10191	1131
10192	1632
10193	2036
10194	1447
10195	2691
10196	3070
10197	1186
10198	1297
10199	3665
10200	580
10201	3649
10202	1099
10203	1096
10204	764
10205	33
10206	4479
10207	2925
10208	3324
10209	2429
10210	49
10211	810
10212	3728
10213	1462
10214	648
10215	838
10216	3603
10217	1193
10218	3886
10219	2262
10220	3920
10221	3051
10222	1214
10223	1370
10224	1443
10225	3131
10226	3067
10227	872
10228	1742
10229	3459
10230	76
10231	1056
10232	586
10233	4571
10234	1641
10235	2850
10236	3754
10237	432
10238	561
10239	1232
10240	4494
10241	1526
10242	1825
10243	2236
10244	567
10245	2880
10246	3598
10247	4035
10248	2146
10249	135
10250	3706
10251	2986
10252	2380
10253	1406
10254	2238
10255	4558
10256	780
10257	2403
10258	2062
10259	1881
10260	2864
10261	2346
10262	3842
10263	2420
10264	1374
10265	3338
10266	476
10267	3883
10268	2755
10269	2537
10270	2025
10271	3692
10272	128
10273	1458
10274	2916
10275	669
10276	2201
10277	1472
10278	2497
10279	3794
10280	1457
10281	1047
10282	617
10283	4237
10284	2879
10285	4523
10286	498
10287	125
10288	572
10289	3153
10290	4542
10291	2056
10292	2562
10293	1570
10294	528
10295	2355
10296	1958
10297	2795
10298	1383
10299	1125
10300	4334
10301	3072
10302	1043
10303	936
10304	1538
10305	2946
10306	2819
10307	975
10308	588
10309	1505
10310	9
10311	4211
10312	4389
10313	1194
10314	1548
10315	895
10316	1907
10317	110
10318	885
10319	3120
10320	2298
10321	4512
10322	1543
10323	3539
10324	523
10325	2749
10326	3856
10327	328
10328	1191
10329	2289
10330	1580
10331	4152
10332	642
10333	3955
10334	3387
10335	323
10336	1091
10337	307
10338	1295
10339	615
10340	3608
10341	3304
10342	332
10343	2627
10344	3673
10345	3985
10346	4192
10347	953
10348	2076
10349	114
10350	2067
10351	3725
10352	1288
10353	1446
10354	1680
10355	2158
10356	313
10357	3102
10358	3039
10359	259
10360	1129
10361	318
10362	72
10363	320
10364	1842
10365	4032
10366	2654
10367	3408
10368	3535
10369	2534
10370	4358
10371	923
10372	635
10373	1754
10374	4351
10375	857
10376	4194
10377	2401
10378	4110
10379	3103
10380	2225
10381	522
10382	4455
10383	4166
10384	2622
10385	778
10386	1568
10387	1651
10388	3180
10389	3534
10390	1489
10391	2203
10392	3017
10393	808
10394	1655
10395	279
10396	2982
10397	4168
10398	4306
10399	2515
10400	3897
10401	1560
10402	274
10403	1968
10404	2580
10405	3641
10406	2614
10407	543
10408	4144
10409	2804
10410	3901
10411	1946
10412	1555
10413	1018
10414	1271
10415	2597
10416	2629
10417	3675
10418	1692
10419	415
10420	3490
10421	925
10422	37
10423	739
10424	1921
10425	322
10426	1325
10427	2978
10428	4245
10429	3894
10430	1150
10431	1074
10432	4238
10433	1508
10434	4073
10435	1934
10436	4026
10437	14
10438	4217
10439	2711
10440	842
10441	4122
10442	4570
10443	1965
10444	3242
10445	3582
10446	2671
10447	1198
10448	2254
10449	1395
10450	234
10451	2435
10452	1973
10453	1531
10454	397
10455	4197
10456	4339
10457	3052
10458	1500
10459	201
10460	4504
10461	3212
10462	4526
10463	1301
10464	464
10465	4384
10466	138
10467	3773
10468	2115
10469	3054
10470	82
10471	1684
10472	506
10473	3034
10474	4482
10475	2931
10476	1993
10477	235
10478	3885
10479	4580
10480	553
10481	229
10482	48
10483	1521
10484	1908
10485	29
10486	2454
10487	1121
10488	297
10489	4067
10490	4365
10491	3091
10492	1669
10493	2375
10494	847
10495	2232
10496	411
10497	1060
10498	2672
10499	3293
10500	469
10501	1792
10502	3193
10503	1823
10504	3345
10505	2977
10506	1171
10507	367
10508	3890
10509	96
10510	410
10511	3874
10512	3294
10513	4057
10514	1512
10515	874
10516	3924
10517	2299
10518	4444
10519	1967
10520	4396
10521	662
10522	4159
10523	2408
10524	4116
10525	3811
10526	27
10527	4530
10528	4401
10529	851
10530	3216
10531	3846
10532	746
10533	1924
10534	4354
10535	1838
10536	1251
10537	2140
10538	686
10539	3341
10540	4121
10541	1413
10542	1102
10543	624
10544	3195
10545	4230
10546	1589
10547	1707
10548	1914
10549	3719
10550	1980
10551	2974
10552	4263
10553	2768
10554	3220
10555	377
10556	144
10557	240
10558	4399
10559	2861
10560	1534
10561	2195
10562	1947
10563	1885
10564	4469
10565	347
10566	3988
10567	2744
10568	3009
10569	611
10570	369
10571	3660
10572	1239
10573	4252
10574	679
10575	4447
10576	1876
10577	2240
10578	3704
10579	4068
10580	590
10581	2801
10582	2536
10583	704
10584	715
10585	2670
10586	3306
10587	3000
10588	2384
10589	4280
10590	740
10591	3360
10592	829
10593	1886
10594	1826
10595	966
10596	803
10597	3292
10598	2341
10599	2422
10600	3900
10601	2843
10602	1506
10603	4024
10604	2833
10605	680
10606	81
10607	3999
10608	3835
10609	2587
10610	1865
10611	957
10612	287
10613	4357
10614	232
10615	2639
10616	1094
10617	4344
10618	3729
10619	2189
10620	3064
10621	1650
10622	3044
10623	4426
10624	3801
10625	3022
10626	1042
10627	2026
10628	427
10629	997
10630	2335
10631	2712
10632	1290
10633	3125
10634	445
10635	547
10636	621
10637	1243
10638	2239
10639	1015
10640	3020
10641	972
10642	2573
10643	3853
10644	4374
10645	3864
10646	1752
10647	3137
10648	691
10649	1032
10650	2306
10651	1541
10652	1633
10653	1190
10654	2522
10655	1399
10656	2571
10657	3075
10658	2943
10659	786
10660	2518
10661	3311
10662	2857
10663	4258
10664	3167
10665	3594
10666	1945
10667	3937
10668	2085
10669	2121
10670	156
10671	4430
10672	3674
10673	2735
10674	1962
10675	649
10676	629
10677	4350
10678	4438
10679	4437
10680	2498
10681	1468
10682	4557
10683	244
10684	1985
10685	2029
10686	2542
10687	3191
10688	3161
10689	1442
10690	807
10691	4281
10692	371
10693	2387
10694	3429
10695	3612
10696	47
10697	3115
10698	2738
10699	1029
10700	4259
10701	3958
10702	2802
10703	1818
10704	960
10705	4338
10706	1183
10707	1165
10708	3978
10709	282
10710	3082
10711	4278
10712	1188
10713	2030
10714	1465
10715	1054
10716	3405
10717	2934
10718	2763
10719	3861
10720	3712
10721	904
10722	2849
10723	2526
10724	3425
10725	4486
10726	749
10727	2049
10728	3133
10729	2918
10730	1793
10731	4248
10732	2810
10733	3980
10734	1130
10735	4061
10736	2227
10737	1773
10738	544
10739	3160
10740	3215
10741	3300
10742	3658
10743	4206
10744	565
10745	446
10746	305
10747	4527
10748	3769
10749	2953
10750	3206
10751	3257
10752	3203
10753	1557
10754	2122
10755	1217
10756	4247
10757	102
10758	191
10759	3528
10760	1311
10761	3967
10762	1363
10763	987
10764	3808
10765	566
10766	947
10767	2875
10768	454
10769	3222
10770	2567
10771	1274
10772	132
10773	3854
10774	4231
10775	4190
10776	1598
10777	3487
10778	1939
10779	2092
10780	1450
10781	1321
10782	1507
10783	1192
10784	3494
10785	2282
10786	50
10787	3246
10788	3350
10789	3298
10790	3080
10791	2061
10792	1037
10793	3018
10794	889
10795	2748
10796	2113
10797	1731
10798	382
10799	3282
10800	507
10801	3757
10802	3998
10803	3318
10804	2915
10805	557
10806	3553
10807	1673
10808	596
10809	1167
10810	2314
10811	4012
10812	3762
10813	3580
10814	2758
10815	877
10816	905
10817	3056
10818	4549
10819	983
10820	1487
10821	2016
10822	3895
10823	3322
10824	3948
10825	4386
10826	1228
10827	1590
10828	2448
10829	168
10830	4176
10831	1496
10832	4096
10833	4380
10834	2270
10835	351
10836	4534
10837	1816
10838	69
10839	2867
10840	583
10841	4337
10842	1300
10843	1286
10844	1516
10845	2737
10846	2277
10847	1200
10848	2630
10849	1683
10850	1853
10851	1359
10852	3862
10853	2682
10854	3295
10855	1366
10856	2010
10857	2961
10858	852
10859	277
10860	2827
10861	2162
10862	1077
10863	1170
10864	1694
10865	1485
10866	117
10867	2577
10868	2443
10869	2967
10870	1509
10871	104
10872	2470
10873	169
10874	2552
10875	862
10876	2161
10877	3337
10878	3511
10879	4415
10880	450
10881	781
10882	1349
10883	4
10884	3702
10885	4223
10886	943
10887	3450
10888	2412
10889	2098
10890	78
10891	1269
10892	3243
10893	2529
10894	598
10895	93
10896	2283
10897	291
10898	3814
10899	859
10900	1749
10901	3813
10902	3863
10903	2696
10904	3681
10905	2835
10906	3139
10907	1430
10908	1284
10909	3516
10910	2428
10911	769
10912	732
10913	3388
10914	585
10915	4568
10916	3841
10917	3146
10918	3418
10919	868
10920	3106
10921	1820
10922	4522
10923	2602
10924	589
10925	1475
10926	4016
10927	4125
10928	2885
10929	913
10930	2027
10931	3268
10932	1688
10933	3970
10934	4458
10935	4373
10936	463
10937	1320
10938	3918
10939	2131
10940	3760
10941	2132
10942	2304
10943	1036
10944	2373
10945	3684
10946	4271
10947	2510
10948	4429
10949	2309
10950	707
10951	173
10952	3218
10953	1510
10954	3406
10955	618
10956	4372
10957	1652
10958	2174
10959	4233
10960	3536
10961	1416
10962	1953
10963	4501
10964	2356
10965	2192
10966	478
10967	683
10968	888
10969	1898
10970	1202
10971	2789
10972	1928
10973	3562
10974	690
10975	2616
10976	2418
10977	2302
10978	1597
10979	2625
10980	150
10981	3699
10982	2508
10983	4502
10984	1813
10985	2734
10986	555
10987	968
10988	1157
10989	2272
10990	262
10991	2854
10992	11
10993	292
10994	647
10995	2891
10996	2235
10997	300
10998	1479
10999	2013
11000	264
11001	3701
11002	3073
11003	4301
11004	200
11005	1547
11006	2776
11007	4172
11008	2831
11009	2574
11010	869
11011	3981
11012	542
11013	2993
11014	393
11015	4331
11016	4446
11017	4140
11018	2988
11019	3227
11020	1645
11021	2069
11022	827
11023	3617
11024	2284
11025	2253
11026	3554
11027	571
11028	2764
11029	1023
11030	1437
11031	1205
11032	1119
11033	3323
11034	2939
11035	3776
11036	2054
11037	4291
11038	4452
11039	549
11040	2297
11041	1897
11042	4149
11043	65
11044	2922
11045	2214
11046	2105
11047	2267
11048	206
11049	4352
11050	2077
11051	4189
11052	1089
11053	2599
11054	728
11055	3851
11056	1404
11057	3143
11058	3270
11059	428
11060	3395
11061	809
11062	2014
11063	2261
11064	3012
11065	2226
11066	4213
11067	965
11068	1262
11069	57
11070	4020
11071	4264
11072	3078
11073	4232
11074	1439
11075	3027
11076	837
11077	4254
11078	2362
11079	3185
11080	4303
11081	3804
11082	3037
11083	4395
11084	32
11085	3207
11086	552
11087	654
11088	2739
11089	825
11090	2743
11091	1659
11092	569
11093	239
11094	3095
11095	3517
11096	1436
11097	2493
11098	158
11099	1444
11100	3047
11101	2621
11102	3112
11103	1879
11104	3042
11105	3170
11106	2307
11107	2217
11108	560
11109	2683
11110	4311
11111	334
11112	526
11113	1654
11114	1273
11115	3812
11116	434
11117	1613
11118	2411
11119	4307
11120	4185
11121	1025
11122	3021
11123	1926
11124	698
11125	2081
11126	3310
11127	1106
11128	3472
11129	23
11130	684
11131	1860
11132	2212
11133	675
11134	2641
11135	799
11136	1315
11137	2500
11138	4250
11139	1011
11140	3836
11141	1614
11142	2954
11143	3382
11144	2724
11145	1270
11146	2488
11147	1562
11148	2991
11149	3254
11150	2193
11151	3939
11152	3887
11153	1546
11154	697
11155	2001
11156	907
11157	1313
11158	530
11159	4575
11160	3260
11161	3321
11162	1809
11163	1925
11164	4450
11165	2059
11166	638
11167	148
11168	468
11169	2392
11170	1333
11171	3117
11172	1207
11173	4296
11174	1551
11175	85
11176	1448
11177	1149
11178	2613
11179	4376
11180	3632
11181	3127
11182	605
11183	833
11184	871
11185	1215
11186	733
11187	3626
11188	1372
11189	729
11190	922
11191	1097
11192	1998
11193	2246
11194	2732
11195	4359
11196	2648
11197	3041
11198	2908
11199	3926
11200	2730
11201	1501
11202	3625
11203	4520
11204	3578
11205	4321
11206	4131
11207	4470
11208	4566
11209	3219
11210	422
11211	1722
11212	4007
11213	1007
11214	2722
11215	379
11216	1109
11217	1201
11218	1126
11219	2889
11220	3777
11221	1689
11222	1780
11223	1994
11224	3938
11225	3721
11226	79
11227	1101
11228	2561
11229	941
11230	1463
11231	1100
11232	971
11233	2221
11234	1020
11235	2501
11236	145
11237	2668
11238	2705
11239	189
11240	2170
11241	3657
11242	1041
11243	2517
11244	3423
11245	2609
11246	3577
11247	1661
11248	4139
11249	3394
11250	2223
11251	2181
11252	2410
11253	2898
11254	56
11255	3393
11256	2060
11257	105
11258	1576
11259	896
11260	4015
11261	31
11262	71
11263	1189
11264	3420
11265	3870
11266	3972
11267	2045
11268	3275
11269	2398
11270	1882
11271	4323
11272	4111
11273	3383
11274	1253
11275	2838
11276	4226
11277	2050
11278	961
11279	151
11280	1846
11281	2210
11282	1824
11283	312
11284	172
11285	3849
11286	1319
11287	927
11288	1478
11289	2869
11290	425
11291	491
11292	210
11293	1514
11294	855
11295	423
11296	247
11297	2531
11298	1663
11299	3232
11300	3032
11301	676
11302	1918
11303	1817
11304	2592
11305	1690
11306	13
11307	1490
11308	699
11309	607
11310	3601
11311	204
11312	1093
11313	2689
11314	2790
11315	1116
11316	521
11317	1889
11318	2386
11319	4069
11320	3362
11321	205
11322	761
11323	3784
11324	2900
11325	4514
11326	1762
11327	773
11328	2031
11329	2677
11330	4326
11331	3789
11332	2381
11333	3335
11334	1504
11335	2968
11336	1949
11337	3428
11338	3689
11339	705
11340	1403
11341	3586
11342	4251
11343	564
11344	365
11345	1895
11346	584
11347	195
11348	1704
11349	1871
11350	1265
11351	242
11352	2760
11353	1729
11354	1887
11355	2673
11356	303
11357	2644
11358	2361
11359	1648
11360	1750
11361	1124
11362	2628
11363	3190
11364	4515
11365	1151
11366	3583
11367	1440
11368	866
11369	2480
11370	3077
11371	324
11372	796
11373	181
11374	2805
11375	1064
11376	2530
11377	3334
11378	3824
11379	251
11380	1046
11381	993
11382	3848
11383	257
11384	2840
11385	2478
11386	519
11387	2491
11388	477
11389	3267
11390	3135
11391	2039
11392	261
11393	1033
11394	2087
11395	4234
11396	1155
11397	2566
11398	3952
11399	2094
11400	3150
11401	1799
11402	3291
11403	4072
11404	3285
11405	418
11406	2502
11407	3437
11408	1779
11409	3691
11410	692
11411	1497
11412	2271
11413	1115
11414	1772
11415	2197
11416	1848
11417	3083
11418	4490
11419	514
11420	3928
11421	3361
11422	342
11423	3431
11424	1030
11425	989
11426	130
11427	3287
11428	722
11429	1098
11430	2258
11431	1409
11432	959
11433	1
11434	3154
11435	1625
11436	3834
11437	2679
11438	1040
11439	2897
11440	2727
11441	1027
11442	2598
11443	1291
11444	1419
11445	3340
11446	748
11447	3868
11448	1185
11449	3279
11450	2009
11451	776
11452	1245
11453	4578
11454	2901
11455	2000
11456	3638
11457	1642
11458	3514
11459	3730
11460	4113
11461	4343
11462	167
11463	1944
11464	538
11465	2190
11466	3363
11467	246
11468	3168
11469	230
11470	2379
11471	3378
11472	1829
11473	620
11474	574
11475	3687
11476	724
11477	1671
11478	3932
11479	4077
11480	4161
11481	4028
11482	1400
11483	1586
11484	330
11485	1872
11486	1610
11487	734
11488	2520
11489	3001
11490	1178
11491	268
11492	4037
11493	3375
11494	3994
11495	1265
11496	2047
11497	436
11498	487
11499	3857
11500	4003
11501	2147
11502	4470
11503	1496
11504	2132
11505	3344
11506	1529
11507	4197
11508	2688
11509	2750
11510	2997
11511	2127
11512	1248
11513	4473
11514	4240
11515	1053
11516	1860
11517	4266
11518	3297
11519	1034
11520	3536
11521	463
11522	2033
11523	1329
11524	317
11525	1107
11526	2419
11527	162
11528	893
11529	3071
11530	365
11531	1817
11532	1947
11533	4252
11534	2414
11535	1649
11536	2735
11537	190
11538	554
11539	2064
11540	3385
11541	2026
11542	2155
11543	2860
11544	836
11545	3198
11546	2522
11547	737
11548	480
11549	945
11550	2972
11551	3356
11552	1143
11553	3317
11554	2212
11555	2569
11556	373
11557	2376
11558	1681
11559	1812
11560	2316
11561	189
12101	1556
11562	2992
11563	1545
11564	2237
11565	173
11566	4020
11567	567
11568	183
11569	2592
11570	2466
11571	203
11572	3512
11573	639
11574	3596
11575	1725
11576	327
11577	4106
11578	192
11579	4256
11580	1346
11581	1249
11582	2115
11583	133
11584	3906
11585	753
11586	3140
11587	1319
11588	2480
11589	3480
11590	3600
11591	1670
11592	720
11593	817
11594	319
11595	466
11596	1674
11597	4073
11598	1949
11599	3749
11600	1978
11601	1098
11602	2082
11603	3910
11604	1820
11605	1292
11606	4138
11607	4345
11608	1673
11609	351
11610	3048
11611	1857
11612	375
11613	2486
11614	805
11615	4331
11616	2588
11617	1898
11618	954
11619	3652
11620	3801
11621	3708
11622	499
11623	759
11624	606
11625	712
11626	4279
11627	3945
11628	3656
11629	786
11630	688
11631	59
11632	2551
11633	1706
11634	2576
11635	2642
11636	791
11637	479
11638	3421
11639	3985
11640	1718
11641	2717
11642	3790
11643	1378
11644	1760
11645	4261
11646	478
11647	3016
11648	3362
11649	3222
11650	3979
11651	3681
11652	1622
11653	4475
11654	1048
11655	1699
11656	1451
11657	3043
11658	2008
11659	2881
11660	4081
11661	1008
11662	2730
11663	3798
11664	1343
11665	334
11666	250
11667	1516
11668	2162
11669	3224
13719	3547
11670	4437
11671	3569
11672	3947
11673	823
11674	582
11675	1322
11676	4496
11677	2206
11678	3511
11679	3337
11680	4538
11681	1260
11682	2544
11683	2603
11684	4277
11685	3552
11686	1393
11687	1977
11688	2229
11689	2390
11690	3934
11691	2529
11692	1222
11693	793
11694	3540
11695	1110
11696	3816
11697	383
11698	3946
11699	3997
11700	2365
11701	993
11702	3286
11703	1692
11704	1099
11705	4242
11706	4234
11707	1030
11708	76
11709	1720
11710	613
11711	1503
11712	3607
11713	1919
11714	17
11715	1615
11716	3054
11717	1371
11718	3673
11719	2054
11720	1707
11721	1923
11722	2430
11723	1665
11724	4484
11725	519
11726	4438
11727	98
11728	726
11729	2819
11730	3817
11731	917
11732	460
11733	439
11734	4063
11735	2555
11736	4217
11737	4128
11738	3042
11739	4568
11740	2441
11741	1819
11742	596
11743	294
11744	297
11745	4018
11746	4571
11747	1041
11748	1175
11749	4141
11750	665
11751	3309
11752	1833
11753	2599
11754	3747
11755	3457
11756	1798
11757	1295
11758	11
11759	2655
11760	626
11761	2230
11762	1204
11763	872
11764	4502
11765	4311
11766	2999
11767	2374
11768	1307
11769	1406
11770	2862
11771	2575
11772	1021
11773	1886
11774	1679
11775	256
11776	2400
11777	4065
11778	1306
11779	181
11780	2268
11781	1853
11782	4098
11783	979
11784	3101
11785	2760
11786	1487
11787	1980
11788	1310
11789	851
11790	2384
11791	3640
11792	3703
11793	1955
11794	3486
11795	2220
11796	3983
11797	1142
11798	3974
11799	40
11800	2284
11801	659
11802	2815
11803	3648
11804	1040
11805	1208
11806	3203
11807	4052
11808	4042
11809	1136
11810	1548
11811	195
11812	119
11813	1074
11814	3462
11815	272
11816	3897
11817	2297
11818	213
11819	656
11820	2801
11821	2711
11822	1317
11823	2626
11824	2639
11825	2656
11826	1837
11827	3064
11828	2593
11829	2207
11830	3713
11831	4562
11832	2331
11833	3728
11834	2407
11835	2796
11836	2253
11837	1085
11838	3576
11839	2282
11840	1824
11841	1524
11842	2680
11843	3091
11844	3791
11845	14
11846	3306
11847	1784
11848	3680
11849	1191
11850	1437
11851	3225
11852	2358
11853	3888
11854	137
11855	1062
11856	305
11857	101
11858	3483
11859	423
11860	4354
11861	2674
11862	2604
11863	1003
11864	2985
11865	2577
11866	2758
11867	938
11868	2909
11869	3453
11870	4251
11871	3013
11872	4306
11873	4021
11874	2637
11875	1787
11876	3982
11877	4528
11878	255
11879	2500
11880	1539
11881	3124
11882	2401
11883	221
11884	797
11885	3931
11886	608
11887	3290
11888	1100
11889	293
11890	3023
11891	2619
11892	746
11893	2321
11894	1223
11895	2156
11896	259
11897	3904
11898	3163
11899	3179
11900	1931
11901	4274
11902	1387
11903	1196
11904	2846
11905	2725
11906	325
11907	3928
11908	3390
11909	871
11910	4254
11911	3578
11912	744
11913	741
11914	1634
11915	1557
11916	2631
11917	1608
11918	2169
11919	4497
11920	4253
11921	494
11922	3707
11923	1907
11924	1711
11925	1441
11926	2111
11927	3134
11928	79
11929	3765
11930	1299
11931	2022
11932	151
11933	2574
11934	1230
11935	1640
11936	1127
11937	2926
11938	3927
11939	3305
11940	1188
11941	159
11942	4094
11943	4466
11944	27
11945	1108
11946	2953
11947	2928
11948	3329
11949	854
11950	4412
11951	1394
11952	2411
11953	2993
11954	220
11955	1221
11956	2533
11957	1924
11958	2061
11959	2694
11960	3924
11961	2015
11962	4384
11963	232
11964	2225
11965	194
11966	3702
11967	1151
11968	698
11969	668
11970	1779
11971	2756
11972	1282
11973	1472
11974	1609
11975	3843
11976	498
11977	1528
11978	4380
11979	568
11980	4165
11981	3228
11982	118
11983	2580
11984	3577
11985	2208
11986	1610
11987	1478
11988	3429
11989	3686
11990	3012
11991	940
11992	4132
11993	295
11994	3428
11995	3953
11996	2720
11997	2193
11998	4258
11999	4333
12000	2256
12001	4158
12002	1386
12003	3868
12004	2690
12005	2062
12006	4072
12007	3007
12008	865
12009	2134
12010	1076
12011	495
12012	2698
12013	3530
12014	1778
12015	593
12016	2109
12017	344
12018	1921
12019	2566
12020	3258
12021	3977
12022	2067
12023	247
12024	2398
12025	4019
12026	1568
12027	45
12028	607
12029	3516
12030	449
12031	2793
12032	1106
12033	2731
12034	834
12035	2335
12036	3620
12037	766
12038	3794
12039	4404
12040	1288
12041	2389
12042	1772
12043	3706
12044	3377
12045	469
12046	3895
12047	3886
12048	3773
12049	2433
12050	2348
12051	4001
12052	99
12053	4448
12054	3780
12055	1481
12056	1091
12057	1878
12058	2438
12059	4111
12060	2373
12061	144
12062	1791
12063	1141
12064	298
12065	3644
12066	2474
12067	2013
12068	4327
12069	631
12070	1357
12071	1874
12072	209
12073	2939
12074	711
12075	3147
12076	4278
12077	3589
12078	684
12079	646
12080	1491
12081	620
12082	3435
12083	1985
12084	2706
12085	600
12086	3963
12087	324
12088	1754
12089	651
12090	3392
12091	2161
12092	3964
12093	216
12094	1050
12095	1089
12096	44
12097	4135
12098	534
12099	1743
12100	4365
12102	4268
12103	4363
12104	4551
12105	2848
12106	3234
12107	1060
12108	1675
12109	1423
12110	2984
12111	2905
12112	4290
12113	2707
12114	1405
12115	1228
12116	3082
12117	4140
12118	158
12119	4298
12120	2912
12121	3423
12122	4030
12123	361
12124	2036
12125	136
12126	2304
12127	4218
12128	2252
12129	891
12130	1358
12131	3380
12132	2600
12133	1958
12134	2682
12135	1019
12136	3944
12137	3632
12138	388
12139	1537
12140	322
12141	731
12142	3748
12143	2876
12144	512
12145	3482
12146	3833
12147	705
12148	2409
12149	3696
12150	3781
12151	1976
12152	2797
12153	3929
12154	2491
12155	2065
12156	3270
12157	2311
12158	4121
12159	2243
12160	1328
12161	2420
12162	2697
12163	1349
12164	3849
12165	4215
12166	3627
12167	3085
12168	2859
12169	2281
12170	1125
12171	454
12172	1162
12173	2830
12174	1458
12175	4558
12176	3873
12177	522
12178	1152
12179	1499
12180	2276
12181	532
12182	296
12183	3153
12184	1723
12185	1558
12186	1342
12187	3360
12188	2989
12189	1764
12190	2464
12191	2667
12192	3450
12193	1086
12194	292
12195	943
12196	4302
12197	3687
12198	1628
12199	424
12200	840
12201	3676
12202	672
12203	4228
12204	304
12205	774
12206	3275
12207	3745
12208	2039
12209	279
12210	3035
12211	1484
12212	3898
12213	4058
12214	2094
12215	4095
12216	4139
12217	2556
12218	1933
12219	2249
12220	982
12221	2488
12222	3949
12223	4142
12224	1781
12225	1876
12226	682
12227	3671
12228	2772
12229	1123
12230	1910
12231	1115
12232	2399
12233	174
12234	3823
12235	957
12236	1190
12237	4422
12238	4043
12239	1948
12240	1168
12241	1261
12242	2095
12243	1829
12244	4441
12245	2960
12246	3199
12247	2264
12248	2120
12249	3586
12250	921
12251	3044
12252	127
12253	566
12254	2858
12255	2100
12256	2975
12257	269
12258	2861
12259	2904
12260	1352
12261	4076
12262	591
12263	4053
12264	3073
12265	537
12266	2192
12267	652
12268	93
12269	724
12270	2456
12271	3866
12272	1964
12273	3539
12274	265
12275	1474
12276	4491
12277	407
12278	3205
12279	4159
12280	4032
12281	4576
12282	3623
12283	574
12284	3162
12285	3531
12286	3729
12287	2238
12288	4401
12289	443
12290	4100
12291	4270
12292	1417
12293	614
12294	2479
12295	1651
12296	2091
12297	903
12298	904
12299	892
12300	3213
12301	2293
12302	765
12303	1604
12304	1381
12305	4463
12306	3853
12307	2679
12308	2877
12309	762
12310	3814
12311	1650
12312	80
12313	2053
12314	2204
12315	2012
12316	4325
12317	90
12318	3694
12319	999
12320	3248
12321	516
12322	4235
12323	4107
12324	2436
12325	1844
12326	1865
12327	2425
12328	1355
12329	3127
12330	889
12331	4565
12332	627
12333	4370
12334	2629
12335	2776
12336	2484
12337	4221
12338	274
12339	1600
12340	3561
12341	130
12342	1408
12343	448
12344	3675
12345	2359
12346	1200
12347	1788
12348	434
12349	4191
12350	1333
12351	2299
12352	643
12353	1594
12354	2913
12355	4112
12356	493
12357	166
12358	504
12359	4172
12360	929
12361	1418
12362	3131
12363	3447
12364	3398
12365	4350
12366	3799
12367	1822
12368	3777
12369	484
12370	3343
12371	622
12372	2982
12373	777
12374	939
12375	3508
12376	852
12377	4564
12378	4418
12379	2879
12380	55
12381	3651
12382	3049
12383	1641
12384	2557
12385	3143
12386	3303
12387	3604
12388	4016
12389	1891
12390	3603
12391	1507
12392	2695
12393	2435
12394	3605
12395	2020
12396	3624
12397	1872
12398	4247
12399	3950
12400	1767
12401	4314
12402	385
12403	2124
12404	1097
12405	228
12406	4368
12407	391
12408	2360
12409	2568
12410	1904
12411	1234
12412	1578
12413	3466
12414	4454
12415	392
12416	3784
12417	3500
12418	4186
12419	3111
12420	452
12421	4067
12422	1855
12423	1014
12424	2055
12425	2000
12426	799
12427	1759
12428	3735
12429	2994
12430	2840
12431	4461
12432	2543
12433	1776
12434	3078
12435	3211
12436	3761
12437	4036
12438	2043
12439	3204
12440	2779
12441	2163
12442	78
12443	2048
12444	1639
12445	3347
12446	2138
12447	4084
12448	3889
12449	663
12450	3439
12451	2780
12452	4260
12453	2487
12454	4219
12455	4478
12456	4578
12457	2145
12458	4579
12459	421
12460	3550
12461	1569
12462	890
12463	30
12464	1954
12465	1733
12466	2686
12467	1414
12468	1689
12469	2395
12470	1290
12471	242
12472	4458
12473	1237
12474	2240
12475	3118
12476	2784
12477	4516
12478	4512
12479	1119
12480	3339
12481	2424
12482	3778
12483	1805
12484	3690
12485	422
12486	2991
12487	2554
12488	3323
12489	387
12490	1577
12491	2354
12492	2839
12493	3029
12494	3845
12495	1225
12496	456
12497	824
12498	1063
12499	2611
12500	36
12501	728
12502	2153
12503	3548
12504	4429
12505	3741
12506	1132
12507	199
12508	1059
12509	2462
12510	3051
12511	919
12512	3959
12513	29
12514	3310
12515	2703
12516	1332
12517	2908
12518	3860
12519	2394
12520	681
12521	1022
12522	4435
12523	888
12524	857
12525	2357
12526	3541
12527	2536
12528	3381
12529	1956
12530	1054
12531	2771
12532	114
12533	795
12534	995
12535	2944
12536	2343
12537	57
12538	1373
12539	3259
12540	2826
12541	4357
12542	1920
12543	330
12544	3783
12545	1988
12546	610
12547	3046
12548	750
12549	1010
12550	4267
12551	2195
12552	4303
12553	2893
12554	715
12555	4434
12556	1984
12557	313
12558	167
12559	39
12560	829
12561	812
12562	529
12563	2552
12564	263
12565	1284
12566	1684
12567	2931
12568	2654
12569	1009
12570	3973
12571	1013
12572	1366
12573	1416
12574	177
12575	3441
12576	329
12577	4134
12578	930
12579	3021
12580	1197
12581	4309
12582	4467
12583	3090
12584	4487
12585	773
12586	4245
12587	3081
12588	694
12589	956
12590	2624
12591	723
12592	1618
12593	4092
12594	4421
12595	1662
12596	3662
12597	3804
12598	3159
12599	2032
12600	1475
12601	3099
12602	2001
12603	2769
12604	4127
12605	1359
12606	359
12607	2130
12608	624
12609	2327
12610	3181
12611	1925
12612	1035
12613	3877
12614	2233
12615	2191
12616	2952
12617	3573
12618	302
12619	980
12620	2663
12621	4566
12622	278
12623	3670
12624	1135
12625	2645
12626	4230
12627	3760
12628	3210
12629	1705
12630	1457
12631	2782
12632	827
12633	4341
12634	1037
12635	331
12636	1645
12637	4005
12638	2849
12639	562
12640	1715
12641	776
12642	2080
12643	2245
12644	1511
12645	1658
12646	3103
12647	323
12648	3545
12649	3201
12650	3237
12651	8
12652	2118
12653	3353
12654	2217
12655	859
12656	3981
12657	3621
12658	4320
12659	336
12660	414
12661	1547
12662	1412
12663	1163
12664	2732
12665	1701
12666	4156
12667	104
12668	1986
12669	4530
12670	1716
12671	1734
12672	1722
12673	4204
12674	636
12675	569
12676	2581
12677	1311
12678	2504
12679	1535
12680	833
12681	1570
12682	1148
12683	1802
12684	978
12685	4283
12686	501
12687	3092
12688	2315
12689	1066
12690	3574
12691	3744
12692	2781
12693	1543
12694	1741
12695	446
12696	3989
12697	2774
12698	3657
12699	3695
12700	540
12701	2337
12702	1884
12703	1278
12704	51
12705	2342
12706	1079
12707	1565
12708	3448
12709	3878
12710	3011
12711	2530
12712	2628
12713	1505
12714	868
12715	3768
12716	858
12717	3551
12718	3221
12719	1094
12720	2676
12721	1045
12722	913
12723	4167
12724	2224
12725	4071
12726	20
12727	15
12728	3156
12729	3711
12730	75
12731	1719
12732	3307
12733	3243
12734	3619
12735	3679
12736	3591
12737	736
12738	4313
12739	4129
12740	1157
12741	2084
12742	1742
12743	2630
12744	3815
12745	262
12746	1012
12747	4075
12748	3249
12749	828
12750	3717
12751	2791
12752	3595
12753	1494
12754	4154
12755	105
12756	1840
12757	1095
12758	2279
12759	4193
12760	4188
12761	2684
12762	3909
12763	393
12764	26
12765	2244
12766	3737
12767	3351
12768	1993
12769	926
12770	1654
12771	3076
12772	1179
12773	4390
12774	3601
12775	4374
12776	2345
12777	3467
12778	3626
12779	1814
12780	54
12781	1187
12782	1454
12783	1109
12784	447
12785	4190
12786	97
12787	2023
12788	644
12789	2412
12790	1281
12791	3594
12792	1435
12793	1195
12794	1586
12795	2745
12796	1285
12797	1595
12798	4244
12799	3885
12800	257
12801	960
12802	2461
12803	1058
12804	147
12805	2964
12806	4488
12807	2323
12808	3920
12809	2005
12810	1340
12811	641
12812	4024
12813	3285
12814	204
12815	435
12816	4051
12817	1246
12818	3069
12819	1117
12820	2936
12821	3418
12822	419
12823	426
12824	1875
12825	4495
12826	1277
12827	880
12828	4208
12829	1129
12830	4080
12831	1916
12832	2820
12833	3723
12834	757
12835	1477
12836	1380
12837	2288
12838	1207
12839	1970
12840	2098
12841	4233
12842	2540
12843	3279
12844	4146
12845	1698
12846	286
12847	384
12848	2833
12849	3489
12850	1816
12851	3311
12852	2446
12853	3753
12854	4577
12855	2900
12856	132
12857	4307
12858	3024
12859	2289
12860	778
12861	3115
12862	473
12863	780
12864	4481
12865	3437
12866	1766
12867	4499
12868	4054
12869	3939
12870	991
12871	2625
12872	1975
12873	2140
12874	848
12875	1708
12876	803
12877	1016
12878	1182
12879	3556
12880	3386
12881	1432
12882	911
12883	964
12884	2768
12885	883
12886	2157
12887	1214
12888	4398
12889	4376
12890	3831
12891	2764
12892	1044
12893	168
12894	4581
12895	4372
12896	148
12897	1512
12898	1555
12899	830
12900	849
12901	2799
12902	464
12903	2340
12904	459
12905	1043
12906	2060
12907	2844
12908	175
12909	4300
12910	3968
12911	1770
12912	1747
12913	3719
12914	4396
12915	2651
12916	2277
12917	107
12918	972
12919	2121
12920	2516
12921	781
12922	342
12923	1390
12924	3807
12925	3361
12926	23
12927	1171
12928	4531
12929	1531
12930	4410
12931	3070
12932	2295
12933	4103
12934	3242
12935	193
12936	654
12937	3826
12938	3987
12939	3375
12940	2222
12941	2951
12942	3938
12943	3930
12944	2956
12945	3638
12946	2066
12947	935
12948	4173
12949	4209
12950	1064
12951	2143
12952	2460
12953	3954
12954	3592
12955	2040
12956	3613
12957	2219
12958	4214
12959	1540
12960	3498
12961	4529
12962	575
12963	1521
12964	2854
12965	4308
12966	3196
12967	3404
12968	3108
12969	191
12970	3999
12971	3504
12972	1218
12973	128
12974	3599
12975	3300
12976	66
12977	2004
12978	3252
12979	1227
12980	1854
12981	3925
12982	1258
12983	406
12984	4211
12985	4133
12986	1145
12987	3665
12988	81
12989	2929
12990	1825
12991	2227
12992	3022
12993	4225
12994	3809
12995	2069
12996	4445
12997	1661
12998	2301
12999	661
13000	2341
13001	2505
13002	3892
13003	3431
13004	771
13005	3417
13006	3157
13007	4280
13008	1838
13009	677
13010	825
13011	1998
13012	1690
13013	841
13014	3400
13015	3461
13016	3095
13017	2160
13018	2122
13019	2827
13020	4501
13021	1242
13022	2266
13023	1566
13024	2917
13025	4066
13026	3026
13027	3756
13028	2165
13029	3283
13030	2614
13031	1525
13032	3699
13033	1682
13034	990
13035	4082
13036	1469
13037	65
13038	2226
13039	1952
13040	4113
13041	1576
13042	1047
13043	24
13044	809
13045	389
13046	965
13047	2704
13048	1029
13049	4122
13050	3682
13051	4064
13052	3036
13053	2044
13054	2983
13055	3580
13056	3751
13057	876
13058	2437
13059	3810
13060	507
13061	730
13062	1790
13063	1192
13064	4131
13065	1887
13066	3730
13067	3825
13068	3019
13069	368
13070	2214
13071	527
13072	2313
13073	855
13074	3266
13075	4125
13076	1226
13077	433
13078	4104
13079	733
13080	4222
13081	3077
13082	2117
13083	3469
13084	3792
13085	360
13086	3712
13087	2693
13088	4281
13089	1783
13090	1447
13091	1815
13092	4359
13093	1667
13094	3178
13095	520
13096	420
13097	4194
13098	3770
13099	969
13100	916
13101	1804
13102	2885
13103	1751
13104	310
13105	729
13106	3212
13107	3870
13108	3630
13109	46
13110	62
13111	580
13112	2074
13113	2393
13114	4342
13115	1961
13116	1544
13117	3430
13118	470
13119	1401
13120	2273
13121	3517
13122	3319
13123	2804
13124	2105
13125	3722
13126	1392
13127	2582
13128	485
13129	4455
13130	2006
13131	1466
13132	1748
13133	1635
13134	1354
13135	1585
13136	2532
13137	4431
13138	3138
13139	2099
13140	4210
13141	4545
13142	1404
13143	1655
13144	3766
13145	1383
13146	1463
13147	3490
13148	1762
13149	1436
13150	1514
13151	3045
13152	3571
13153	3896
13154	2465
13155	290
13156	770
13157	4391
13158	944
13159	2300
13160	410
13161	986
13162	1845
13163	3068
13164	1104
13165	138
13166	4386
13167	557
13168	2210
13169	1709
13170	1072
13171	1765
13172	1301
13173	1304
13174	2303
13175	3187
13176	2269
13177	3172
13178	693
13179	1624
13180	3443
13181	1256
13182	364
13183	2404
13184	4395
13185	241
13186	2802
13187	1944
13188	583
13189	3444
13190	4316
13191	2753
13192	966
13193	523
13194	2473
13195	2537
13196	458
13197	3190
13198	4273
13199	4291
13200	2746
13201	111
13202	3546
13203	804
13204	4524
13205	2616
13206	2477
13207	674
13208	609
13209	1574
13210	2789
13211	1968
13212	3691
13213	1546
13214	2675
13215	3740
13216	4335
13217	616
13218	4148
13219	2075
13220	1017
13221	120
13222	1656
13223	332
13224	3086
13225	1420
13226	2850
13227	2759
13228	2497
13229	634
13230	3645
13231	2126
13232	2370
13233	1057
13234	976
13235	3902
13236	4574
13237	1272
13238	985
13239	3296
13240	1411
13241	3106
13242	230
13243	355
13244	3246
13245	1001
13246	1849
13247	1271
13248	2864
13249	3084
13250	2524
13251	4216
13252	775
13253	472
13254	3412
13255	1101
13256	2719
13257	164
13258	2246
13259	2518
13260	578
13261	3538
13262	4483
13263	214
13264	1881
13265	3933
13266	1326
13267	550
13268	1166
13269	2382
13270	405
13271	3872
13272	2531
13273	4181
13274	704
13275	710
13276	625
13277	3820
13278	2691
13279	2472
13280	218
13281	113
13282	4373
13283	2602
13284	2128
13285	2139
13286	2685
13287	2716
13288	3558
13289	3527
13290	4174
13291	1631
13292	1336
13293	380
13294	156
13295	2408
13296	1728
13297	3818
13298	2133
13299	4385
13300	842
13301	2261
13302	4041
13303	34
13304	2979
13305	2386
13306	2742
13307	2242
13308	3189
13309	2108
13310	2563
13311	3890
13312	2891
13313	3709
13314	2899
13315	3151
13316	4450
13317	3349
13318	1389
13319	2496
13320	4522
13321	4183
13322	2149
13323	1055
13324	4349
13325	2388
13326	429
13327	1808
13328	605
13329	3136
13330	4276
13331	3867
13332	3144
13333	1092
13334	461
13335	1861
13336	1011
13337	3584
13338	3739
13339	1428
13340	4358
13341	1749
13342	3476
13343	1032
13344	4392
13345	47
13346	4541
13347	4038
13348	275
13349	4262
13350	3523
13351	4130
13352	2689
13353	2790
13354	1356
13355	585
13356	2713
13357	3295
13358	1510
13359	4175
13360	3396
13361	4289
13362	869
13363	588
13364	2773
13365	4136
13366	602
13367	4569
13368	1073
13369	2728
13370	239
13371	3401
13372	3366
13373	4045
13374	2721
13375	949
13376	898
13377	1316
13378	2708
13379	1623
13380	4250
13381	2823
13382	3720
13383	3193
13384	1462
13385	4323
13386	4476
13387	123
13388	942
13389	3352
13390	2855
13391	4220
13392	692
13393	958
13394	2597
13395	53
13396	4169
13397	3863
13398	3376
13399	2309
13400	2173
13401	488
13402	3264
13403	3241
13404	416
13405	1554
13406	3031
13407	2512
13408	2795
13409	873
13410	1421
13411	4425
13412	2806
13413	1501
13414	4126
13415	1105
13416	1075
13417	92
13418	2113
13419	3507
13420	1796
13421	9
13422	3835
13423	546
13424	4340
13425	2274
13426	3409
13427	3120
13428	106
13429	3677
13430	2852
13431	1700
13432	2216
13433	1647
13434	2073
13435	3919
13436	2499
13437	2292
13438	1750
13439	3535
13440	2842
13441	3188
13442	2432
13443	3161
13444	2564
13445	1630
13446	3226
13447	285
13448	2870
13449	1297
13450	135
13451	3837
13452	2449
13453	2203
13454	1553
13455	1315
13456	1644
13457	1220
13458	4223
13459	3666
13460	244
13461	2621
13462	3865
13463	510
13464	4292
13465	1305
13466	3088
13467	696
13468	1851
13469	1410
13470	3097
13471	1391
13472	3074
13473	381
13474	1209
13475	3214
13476	2866
13477	1442
13478	2190
13479	1262
13480	206
13481	2678
13482	1627
13483	2550
13484	1533
13485	3802
13486	4460
13487	2609
13488	867
13489	2934
13490	238
13491	2503
13492	1155
13493	2927
13494	1632
13495	3881
13496	3040
13497	1296
13498	1603
13499	1893
13500	1353
13501	4369
13502	1324
13503	453
13504	4322
13505	914
13506	1334
13507	3324
13508	4120
13509	3698
13510	691
13511	2973
13512	4508
13513	1653
13514	3407
13515	3438
13516	4286
13517	533
13518	352
13519	182
13520	3326
13521	2586
13522	2940
13523	163
13524	4557
13525	3514
13526	1966
13527	4424
13528	1847
13529	1979
13530	597
13531	2778
13532	1433
13533	1801
13534	2476
13535	1563
13536	667
13537	2521
13538	581
13539	3110
13540	3785
13541	1363
13542	4543
13543	2142
13544	58
13545	615
13546	2492
13547	3122
13548	4389
13549	508
13550	208
13551	1049
13552	758
13553	4407
13554	2648
13555	3176
13556	3914
13557	2290
13558	1551
13559	2413
13560	820
13561	3202
13562	4547
13563	599
13564	678
13565	3378
13566	4397
13567	543
13568	1243
13569	1934
13570	2808
13571	1251
13572	660
13573	3032
13574	2383
13575	2729
13576	2669
13577	3844
13578	4301
13579	4237
13580	4419
13581	1753
13582	211
13583	176
13584	3966
13585	3314
13586	4544
13587	2455
13588	702
13589	3216
13590	4417
13591	3089
13592	1509
13593	261
13594	3424
13595	673
13596	482
13597	3697
13598	2803
13599	3333
13600	431
13601	2166
13602	2805
13603	937
13604	4352
13605	4446
13606	83
13607	2692
13608	4110
13609	299
13610	2526
13611	1460
13612	675
13613	2415
13614	3736
13615	1864
13616	1694
13617	4059
13618	390
13619	1068
13620	2361
13621	3754
13622	3355
13623	3948
13624	430
13625	60
13626	594
13627	603
13628	1006
13629	1834
13630	3346
13631	1015
13632	4008
13633	3227
13634	850
13635	669
13636	1467
13637	2298
13638	3255
13639	2489
13640	3427
13641	367
13642	4415
13643	2443
13644	970
13645	157
13646	1347
13647	3269
13648	3921
13649	1495
13650	2644
13651	1082
13652	2548
13653	4029
13654	1582
13655	4294
13656	3180
13657	1752
13658	3827
13659	3610
13660	3972
13661	3996
13662	3880
13663	3969
13664	3750
13665	117
13666	2007
13667	3856
13668	3659
13669	4504
13670	1951
13671	1473
13672	2068
13673	343
13674	3397
13675	350
13676	3170
13677	4013
13678	1118
13679	2878
13680	2822
13681	3039
13682	287
13683	1729
13684	2213
13685	3336
13686	666
13687	3629
13688	1116
13689	819
13690	3721
13691	676
13692	1928
13693	933
13694	3654
13695	3114
13696	1279
13697	291
13698	3829
13699	3913
13700	4229
13701	1643
13702	700
13703	2296
13704	3373
13705	3663
13706	3005
13707	826
13708	2236
13709	4089
13710	756
13711	2318
13712	1039
13713	3075
13714	2659
13715	1028
13716	86
13717	1629
13718	205
13720	813
13721	1444
13722	1581
13723	411
13724	200
13725	3861
13726	2258
13727	4201
13728	1962
13729	4108
13730	1330
13731	1133
13732	1138
13733	3994
13734	4561
13735	1813
13736	3369
13737	4319
13738	2748
13739	3027
13740	4366
13741	3887
13742	1377
13743	3693
13744	2962
13745	1264
13746	3742
13747	3332
13748	2198
13749	2811
13750	3363
13751	185
13752	1794
13753	3746
13754	1740
13755	1927
13756	1146
13757	1147
13758	864
13759	595
13760	3459
13761	3149
13762	451
13763	4171
13764	989
13765	2104
13766	1313
13767	2739
13768	3847
13769	2868
13770	998
13771	2278
13772	2038
13773	3389
13774	735
13775	1858
13776	2439
13777	3587
13778	2385
13779	63
13780	1775
13781	971
13782	577
13783	2643
13784	3087
13785	379
13786	515
13787	253
13788	3177
13789	2523
13790	1385
13791	1890
13792	4157
13793	2598
13794	2148
13795	2837
13796	28
13797	2857
13798	526
13799	4413
13800	1552
13801	1464
13802	2079
13803	1084
13804	2232
13805	349
13806	444
13807	3822
13808	3689
13809	1597
13810	2228
13811	1235
13812	2788
13813	601
13814	2129
13815	3388
13816	273
13817	1935
13818	1283
13819	1459
13820	3191
13821	2402
13822	807
13823	3875
13824	2845
13825	2135
13826	401
13827	1103
13828	2391
13829	3980
13830	2874
13831	570
13832	3299
13833	792
13834	875
13835	3738
13836	4271
13837	3220
13838	1134
13839	1056
13840	1211
13841	3277
13842	4337
13843	3058
13844	983
13845	3993
13846	3289
13847	2647
13848	802
13849	3774
13850	3030
13851	3278
13852	85
13853	1680
13854	4192
13855	1617
13856	4196
13857	2542
13858	2167
13859	4381
13860	558
13861	303
13862	3271
13863	2417
13864	3935
13865	3647
13866	3432
13867	4514
13868	3173
13869	1990
13870	563
13871	3206
13872	2416
13873	1683
13874	72
13875	348
13876	3137
13877	3387
13878	49
13879	4022
13880	3911
13881	2831
13882	3245
13883	584
13884	3182
13885	3195
13886	2248
13887	4002
13888	1943
13889	4406
13890	2965
13891	2042
13892	1236
13893	3503
13894	2649
13895	3060
13896	1338
13897	628
13898	4007
13899	427
13900	1140
13901	3281
13902	1165
13903	1676
13904	721
13905	2714
13906	3960
13907	806
13908	3661
13909	1508
13910	252
13911	4400
13912	968
13913	4259
13914	3037
13915	1180
13916	2971
13917	4326
13918	3301
13919	909
13920	3200
13921	3943
13922	1398
13923	3129
13924	3066
13925	4034
13926	932
13927	4284
13928	1121
13929	946
13930	3585
13931	3884
13932	471
13933	647
13934	4567
13935	4426
13936	1731
13937	1755
13938	3743
13939	2700
13940	2638
13941	2727
13942	4403
13943	22
13944	3685
13945	3328
13946	3564
13947	2562
13948	4033
13949	1518
13950	3978
13951	2034
13952	224
13953	1818
13954	3812
13955	2613
13956	3757
13957	2889
13958	2380
13959	2283
13960	4177
13961	2271
13962	1434
13963	4145
13964	108
13965	670
13966	4520
13967	2751
13968	3715
13969	1836
13970	1942
13971	1678
13972	1687
13973	1181
13974	1912
13975	3821
13976	1785
13977	1126
13978	1263
13979	2998
13980	1067
13981	3342
13982	2901
13983	457
13984	2183
13985	1081
13986	3701
13987	1443
13988	3567
13989	1470
13990	2272
13991	1971
13992	2798
13993	1158
13994	142
13995	3789
13996	3341
13997	2330
13998	3936
13999	4149
14000	3907
14001	1318
14002	87
14003	3165
14004	3445
14005	1415
14006	2189
14007	374
14008	2427
14009	3004
14010	934
14011	1212
14012	1866
14013	3941
14014	2188
14015	3145
14016	509
14017	920
14018	2136
14019	1929
14020	2257
14021	4394
14022	4068
14023	2668
14024	1492
14025	4521
14026	115
14027	284
14028	4061
14029	2653
14030	1027
14031	440
14032	3542
14033	525
14034	3484
14035	2035
14036	202
14037	3655
14038	1069
14039	4187
14040	905
14041	52
14042	505
14043	1485
14044	1422
14045	3010
14046	2352
14047	186
14048	3475
14049	1335
14050	1737
14051	4012
14052	3893
14053	2177
14054	338
14055	1571
14056	1300
14057	1526
14058	178
14059	2045
14060	3100
14061	73
14062	2841
14063	1215
14064	2938
14065	3758
14066	2444
14067	1376
14068	818
14069	2239
14070	846
14071	2471
14072	2387
14073	2996
14074	1303
14075	3793
14076	1070
14077	3184
14078	1642
14079	3528
14080	3962
14081	589
14082	3767
14083	1823
14084	900
14085	3506
14086	3244
14087	2368
14088	1184
14089	1400
14090	3254
14091	3304
14092	1596
14093	1176
14094	3674
14095	1550
14096	2089
14097	4351
14098	6
14099	2452
14100	4295
14101	1892
14102	3772
14103	1438
14104	912
14105	1111
14106	2673
14107	3998
14108	4339
14109	1046
14110	2709
14111	1294
14112	734
14113	931
14114	2270
14115	1945
14116	2356
14117	573
14118	2605
14119	129
14120	4069
14121	4207
14122	3955
14123	143
14124	311
14125	2174
14126	2738
14127	4532
14128	2594
14129	3572
14130	3859
14131	4382
14132	3806
14133	2463
14134	2159
14135	347
14136	268
14137	2346
14138	1238
14139	2280
14140	2070
14141	4527
14142	1479
14143	2549
14144	2366
14145	150
14146	2151
14147	1476
14148	1605
14149	3371
14150	2324
14151	2785
14152	2561
14153	1502
14154	951
14155	769
14156	437
14157	4471
14158	474
14159	3231
14160	2428
14161	2744
14162	3788
14163	1007
14164	2381
14165	4151
14166	2457
14167	1005
14168	1321
14169	3800
14170	894
14171	4179
14172	2158
14173	3175
14174	1862
14175	2021
14176	4420
14177	409
14178	2178
14179	3956
14180	796
14181	197
14182	2422
14183	1888
14184	3759
14185	3957
14186	3158
14187	4031
14188	4492
14189	2209
14190	4203
14191	301
14192	3563
14193	513
14194	2003
14195	3732
14196	4477
14197	340
14198	465
14199	658
14200	2339
14201	314
14202	1995
14203	3668
14204	4334
14205	315
14206	860
14207	1327
14208	4180
14209	896
14210	1867
14211	300
14212	4540
14213	382
14214	4510
14215	35
14216	3763
14217	2847
14218	4087
14219	3718
14220	2618
14221	3824
14222	714
14223	514
14224	3634
14225	984
14226	1793
14227	4102
14228	2016
14229	4479
14230	844
14231	1244
14232	2710
14233	2943
14234	1439
14235	125
14236	172
14237	3284
14238	3148
14239	1559
14240	3294
14241	2547
14242	1588
14243	1489
14244	1150
14245	975
14246	3499
14247	267
14248	725
14249	695
14250	3008
14251	139
14252	2660
14253	4246
14254	1549
14255	3125
14256	2922
14257	3830
14258	752
14259	3705
14260	2961
14261	1426
14262	1430
14263	2595
14264	3426
14265	3116
14266	3543
14267	2199
14268	2442
14269	531
14270	4083
14271	4506
14272	3908
14273	2640
14274	3183
14275	3238
14276	3637
14277	2652
14278	2334
14279	3325
14280	1561
14281	1848
14282	3107
14283	3052
14284	633
14285	402
14286	2377
14287	2426
14288	587
14289	1185
14290	790
14291	3988
14292	1959
14293	3555
14294	354
14295	2187
14296	3813
14297	1712
14298	4317
14299	4028
14300	690
14301	283
14302	1287
14303	992
14304	2650
14305	2056
14306	4027
14307	2894
14308	3478
14309	4447
14310	95
14311	1761
14312	1090
14313	3384
14314	4115
14315	1164
14316	386
14317	2090
14318	1042
14319	4480
14320	3121
14321	967
14322	2818
14323	1257
14324	1361
14325	4432
14326	1052
14327	553
14328	3194
14329	3544
14330	763
14331	3128
14332	1388
14333	2976
14334	1448
14335	2610
14336	3166
14337	3529
14338	1789
14339	1744
14340	2181
14341	4498
14342	2749
14343	3769
14344	1562
14345	1726
14346	109
14347	3862
14348	885
14349	96
14350	3174
14351	2037
14352	1224
14353	1612
14354	1137
14355	649
14356	3169
14357	2906
14358	861
14359	1841
14360	2677
14361	1231
14362	1992
14363	2579
14364	3513
14365	618
14366	4011
14367	870
14368	2063
14369	1636
14370	3520
14371	2197
14372	1953
14373	4433
14374	236
14375	2507
14376	1936
14377	1325
14378	810
14379	3062
14380	1523
14381	811
14382	4119
14383	1941
14384	2429
14385	4356
14386	3402
14387	1286
14388	1078
14389	2718
14390	3951
14391	3117
14392	847
14393	3937
14394	4555
14395	632
14396	3855
14397	3883
14398	357
14399	3582
14400	3891
14401	3468
14402	749
14403	3581
14404	3660
14405	2777
14406	2741
14407	2403
14408	222
14409	1161
14410	839
14411	2125
14412	212
14413	50
14414	1757
14415	2670
14416	3002
14417	1768
14418	89
14419	3146
14420	2495
14421	4402
14422	1382
14423	2873
14424	2535
14425	2752
14426	2902
14427	2353
14428	1614
14429	2513
14430	2623
14431	1572
14432	2294
14433	732
14434	2085
14435	2919
14436	3473
14437	1504
14438	1621
14439	3903
14440	3495
14441	1210
14442	122
14443	376
14444	2211
14445	3186
14446	4367
14447	1889
14448	1937
14449	653
14450	1194
14451	3967
14452	4231
14453	3312
14454	2475
14455	3442
14456	2520
14457	4288
14458	1769
14459	1532
14460	4137
14461	371
14462	2201
14463	1403
14464	2310
14465	4206
14466	923
14467	1498
14468	4168
14469	1957
14470	3899
14471	1254
14472	4097
14473	2747
14474	2632
14475	3164
14476	2821
14477	1564
14478	2990
14479	2235
14480	229
14481	4099
14482	2765
14483	37
14484	3714
14485	1637
14486	3119
14487	2578
14488	4202
14489	2312
14490	1771
14491	2072
14492	1591
14493	2590
14494	169
14495	3215
14496	2185
14497	3240
14498	3971
14499	4109
14500	2024
14501	3588
14502	2986
14503	2144
14504	4536
14505	2172
14506	4493
14507	1969
14508	703
14509	541
14510	1868
14511	4452
14512	579
14513	4265
14514	1259
14515	2215
14516	713
14517	3568
14518	2734
14519	1541
14520	4533
14521	1538
14522	2101
14523	345
14524	4409
14525	3020
14526	1799
14527	3496
14528	4305
14529	1774
14530	1905
14531	4296
14532	2057
14533	2202
14534	2514
14535	530
14536	2615
14537	3755
14538	3348
14539	3340
14540	2362
14541	1275
14542	1247
14543	709
14544	2445
14545	2459
14546	1515
14547	1172
14548	226
14549	4117
14550	2814
14551	496
14552	1991
14553	3160
14554	31
14555	1926
14556	475
14557	483
14558	3958
14559	3842
14560	1616
14561	2498
14562	3501
14563	3984
14564	3250
14565	4160
14566	84
14567	3805
14568	3331
14569	884
14570	955
14571	2218
14572	1397
14573	2423
14574	1611
14575	3752
14576	1189
14577	1965
14578	3141
14579	1205
14580	1440
14581	751
14582	1004
14583	1203
14584	2617
14585	82
14586	3094
14587	2329
14588	1350
14589	2810
14590	2633
14591	3410
14592	2681
14593	1399
14594	2978
14595	1879
14596	2010
14597	1160
14598	1113
14599	4575
14600	3532
14601	548
14602	3771
14603	94
14604	1024
14605	476
14606	2291
14607	4518
14608	3321
14609	1206
14610	1894
14611	4078
14612	4105
14613	3841
14614	3053
14615	2332
14616	4537
14617	3562
14618	4490
14619	1589
14620	3272
14621	3622
14622	2702
14623	901
14624	4
14625	2661
14626	1038
14627	2470
14628	3636
14629	761
14630	4049
14631	782
14632	2807
14633	2137
14634	486
14635	2171
14636	1671
14637	1846
14638	3583
14639	3510
14640	1880
14641	2205
14642	1280
14643	798
14644	3905
14645	2369
14646	948
14647	3854
14648	2250
14649	4074
14650	1274
14651	4037
14652	4163
14653	491
14654	687
14655	785
14656	4205
14657	477
14658	1465
14659	928
14660	3433
14661	745
14662	2969
14663	2351
14664	4377
14665	2896
14666	2560
14667	2608
14668	1450
14669	3154
14670	4324
14671	2622
14672	4144
14673	1827
14674	572
14675	328
14676	877
14677	4411
14678	1911
14679	1520
14680	4469
14681	1083
14682	2974
14683	3850
14684	3593
14685	1320
14686	814
14687	306
14688	2573
14689	1124
14690	3649
14691	2131
14692	1908
14693	3454
14694	2767
14695	412
14696	3776
14697	48
14698	4255
14699	1427
14700	3446
14701	3034
14702	4096
14703	4329
14704	4062
14705	2493
14706	4494
14707	2916
14708	2828
14709	1856
14710	1922
14711	1973
14712	1198
14713	3350
14714	1
14715	4453
14716	2285
14717	3839
14718	3618
14719	4091
14720	3617
14721	4257
14722	2930
14723	2755
14724	3559
14725	4427
14726	4556
14727	650
14728	2671
14729	2483
14730	2949
14731	1351
14732	1915
14733	398
14734	1369
14735	950
14736	207
14737	1842
14738	3315
14739	4026
14740	1717
14741	612
14742	2988
14743	4570
14744	800
14745	4399
14746	3197
14747	201
14748	1697
14749	831
14750	918
14751	1156
14752	1252
14753	1803
14754	2355
14755	862
14756	564
14757	1154
14758	2372
14759	3871
14760	1367
14761	2657
14762	4249
14763	1480
14764	1270
14765	2817
14766	768
14767	1232
14768	3465
14769	1800
14770	2977
14771	2665
14772	4047
14773	2541
14774	3185
14775	4044
14776	3488
14777	237
14778	2152
14779	1087
14780	3171
14781	3458
14782	1727
14783	3419
14784	441
14785	1981
14786	2959
14787	2634
14788	1917
14789	2344
14790	1002
14791	1490
14792	4436
14793	4285
14794	413
14795	1695
14796	941
14797	1131
14798	7
14799	1276
14800	3554
14801	1677
14802	707
14803	2525
14804	372
14805	783
14806	2049
14807	335
14808	1657
14809	1077
14810	1982
14811	1613
14812	4282
14813	3364
14814	3109
14815	1183
14816	4086
14817	910
14818	1619
14819	2890
14820	1409
14821	3155
14822	2835
14823	680
14824	4162
14825	1449
14826	4023
14827	2267
14828	4114
14829	3606
14830	637
14831	3370
14832	1828
14833	1960
14834	3105
14835	755
14836	4287
14837	2251
14838	506
14839	3440
14840	1240
14841	4017
14842	2511
14843	3000
14844	145
14845	69
14846	3840
14847	2995
14848	395
14849	3354
14850	2405
14851	1139
14852	2262
14853	3575
14854	1989
14855	1668
14856	3292
14857	4150
14858	366
14859	2150
14860	1368
14861	1806
14862	3479
14863	779
14864	2872
14865	3775
14866	2607
14867	271
14868	4383
14869	455
14870	2170
14871	3411
14872	962
14873	3533
14874	1782
14875	3912
14876	3669
14877	974
14878	1202
14879	2154
14880	3615
14881	210
14882	12
14883	1946
14884	2957
14885	2097
14886	4330
14887	56
14888	3345
14889	1579
14890	517
14891	288
14892	3061
14893	2336
14894	3494
14895	4462
14896	2508
14897	1607
14898	1736
14899	3700
14900	3420
14901	4297
14902	866
14903	1795
14904	722
14905	4166
14906	153
14907	2469
14908	102
14909	1997
14910	1266
14911	353
14912	2658
14913	3609
14914	4348
14915	112
14916	2110
14917	377
14918	4056
14919	1587
14920	3357
14921	3724
14922	2322
14923	3434
14924	4189
14925	442
14926	2448
14927	952
14928	4375
14929	4195
14930	2875
14931	657
14932	2259
14933	1186
14934	815
14935	2025
14936	3710
14937	1241
14938	408
14939	719
14940	2635
14941	2328
14942	32
14943	3515
14944	535
14945	1567
14946	1395
14947	3497
14948	2914
14949	2434
14950	635
14951	2800
14952	2950
14953	816
14954	3608
14955	1534
14956	3650
14957	1384
14958	1710
14959	2009
14960	3316
14961	3274
14962	3104
14963	2672
14964	2302
14965	1036
14966	679
14967	289
14968	3302
14969	4060
14970	536
14971	1883
14972	3422
14973	2888
14974	2596
14975	924
14976	77
14977	4093
14978	699
14979	2320
14980	2701
14981	1239
14982	2333
14983	3579
14984	1704
14985	2017
14986	1493
14987	1513
14988	2114
14989	1431
14990	4057
14991	708
14992	4430
14993	3416
14994	1601
14995	4178
14996	1178
14997	2724
14998	3852
14999	3399
15000	3080
15001	2869
15002	4198
15003	4009
15004	4464
15005	2897
15006	2967
15007	3692
15008	961
15009	4025
15010	171
15011	2722
15012	1584
15013	141
15014	3678
15015	3067
15016	879
15017	3975
15018	394
15019	3425
15020	3460
15021	418
15022	249
15023	358
15024	1831
15025	2107
15026	4328
15027	326
15028	4248
15029	2234
15030	3168
15031	3926
15032	3414
15033	2431
15034	1331
15035	339
15036	874
15037	4517
15038	1685
15039	895
15040	3207
15041	1913
15042	3796
15043	3797
15044	4513
15045	3485
15046	1536
15047	1309
15048	2895
15049	1573
15050	3961
15051	1419
15052	2349
15053	1065
15054	2314
15055	623
15056	1871
15057	4534
15058	3537
15059	4079
15060	2740
15061	3436
15062	4393
15063	1159
15064	1233
15065	468
15066	2712
15067	3684
15068	3268
15069	592
15070	2687
15071	417
15072	2871
15073	3970
15074	3112
15075	1938
15076	4170
15077	3142
15078	3001
15079	4552
15080	927
15081	2501
15082	2046
15083	1691
15084	821
15085	1669
15086	264
15087	233
15088	4199
15089	3288
15090	2918
15091	2092
15092	2418
15093	3534
15094	922
15095	489
15096	1983
15097	2838
15098	4414
15099	1940
15100	4489
15101	683
15102	2317
15103	853
15104	4550
15105	3965
15106	399
15107	2378
15108	3463
15109	565
15110	1379
15111	4101
15112	2832
15113	4338
15114	2481
15115	1739
15116	518
15117	2502
15118	2081
15119	4526
15120	3083
15121	2981
15122	1686
15123	1455
15124	1598
15125	3942
15126	1902
15127	2397
15128	3229
15129	3782
15130	2375
15131	1930
15132	3474
15133	3408
15134	4442
15135	555
15136	2606
15137	856
15138	2467
15139	2018
15140	1402
15141	227
15142	1337
15143	1519
15144	559
15145	2179
15146	3102
15147	2553
15148	3704
15149	3059
15150	1797
15151	4070
15152	739
15153	1051
15154	3395
15155	2641
15156	1174
15157	1909
15158	3614
15159	4355
15160	4321
15161	1445
15162	1756
15163	3597
15164	997
15165	3664
15166	1530
15167	973
15168	3218
15169	794
15170	2123
15171	1201
15172	2367
15173	2585
15174	19
15175	4318
15176	3063
15177	838
15178	1745
15179	450
15180	234
15181	3900
15182	645
15183	2696
15184	1193
15185	2948
15186	1323
15187	2338
15188	131
15189	2559
15190	2096
15191	3688
15192	4213
15193	1033
15194	1217
15195	1080
15196	1413
15197	2915
15198	1253
15199	18
15200	1000
15201	4456
15202	2119
15203	743
15204	1471
15205	3276
15206	3901
15207	1149
15208	4346
15209	1620
15210	3811
15211	3025
15212	2182
15213	2002
15214	1500
15215	1906
15216	1633
15217	91
15218	10
15219	3313
15220	187
15221	110
15222	1360
15223	2263
15224	33
15225	1646
15226	318
15227	2987
15228	2485
15229	320
15230	2572
15231	2980
15232	61
15233	4405
15234	908
15235	2726
15236	4124
15237	4485
15238	403
15239	1809
15240	2014
15241	832
15242	2106
15243	4408
15244	1486
15245	2545
15246	3786
15247	4572
15248	977
15249	121
15250	2176
15251	1994
15252	1821
15253	4143
15254	3762
15255	3415
15256	1873
15257	915
15258	788
15259	3261
15260	3135
15261	2200
15262	2534
15263	184
15264	4459
15265	1763
15266	1870
15267	2966
15268	1245
15269	524
15270	4123
15271	4232
15272	1664
15273	2558
15274	3519
15275	1522
15276	4523
15277	1780
15278	2454
15279	1088
15280	3464
15281	3992
15282	1932
15283	1688
15284	2265
15285	481
15286	3731
15287	308
15288	1999
15289	1026
15290	270
15291	1461
15292	3072
15293	1219
15294	70
15295	2164
15296	2715
15297	3192
15298	1446
15299	767
15300	2319
15301	619
15302	188
15303	1672
15304	4332
15305	671
15306	521
15307	4525
15308	987
15309	2743
15310	2546
15311	3612
15312	2509
15313	2587
15314	2754
15315	312
15316	1830
15317	2325
15318	1738
15319	3041
15320	648
15321	4152
15322	3553
15323	1153
15324	161
15325	3549
15326	3320
15327	1018
15328	4546
15329	1900
15330	689
15331	146
15332	3368
15333	1839
15334	3882
15335	1593
15336	490
15337	280
15338	502
15339	1660
15340	3653
15341	3359
15342	3287
15343	2589
15344	3560
15345	3481
15346	3525
15347	3764
15348	3846
15349	4055
15350	1170
15351	3260
15352	16
15353	3470
15354	4212
15355	3477
15356	4507
15357	727
15358	822
15359	4505
15360	1950
15361	1407
15362	1023
15363	2326
15364	4184
15365	3382
15366	1453
15367	160
15368	1130
15369	881
15370	67
15371	3672
15372	3876
15373	4439
15374	4275
15375	3864
15376	2963
15377	3405
15378	1483
15379	1899
15380	3642
15381	845
15382	333
15383	686
15384	3208
15385	140
15386	3056
15387	3879
15388	3995
15389	2077
15390	462
15391	3918
15392	538
15393	2924
15394	3455
15395	2880
15396	4050
15397	1482
15398	4451
15399	3858
15400	2664
15401	1721
15402	1575
15403	4315
15404	3557
15405	3263
15406	400
15407	3330
15408	165
15409	560
15410	2052
15411	4423
15412	1267
15413	2494
15414	718
15415	4176
15416	1167
15417	1826
15418	808
15419	1120
15420	1396
15421	3
15422	2601
15423	1786
15424	3452
15425	551
15426	3280
15427	2775
15428	4379
15429	740
15430	4353
15431	3251
15432	1896
15433	155
15434	4378
15435	2103
15436	1527
15437	4236
15438	2030
15439	3848
15440	2254
15441	258
15442	1452
15443	742
15444	959
15445	196
15446	503
15447	4090
15448	2903
15449	2856
15450	1102
15451	231
15452	717
15453	2
15454	2946
15455	3991
15456	2451
15457	4539
15458	25
15459	2058
15460	2907
15461	4542
15462	3267
15463	863
15464	3235
15465	362
15466	571
15467	3658
15468	2440
15469	1939
15470	3009
15471	2591
15472	4293
15473	356
15474	3015
15475	4503
15476	2478
15477	2406
15478	4563
15479	4182
15480	3298
15481	3262
15482	3923
15483	2970
15484	642
15485	281
15486	1666
15487	2636
15488	4535
15489	764
15490	3922
15491	2059
15492	1298
15493	3521
15494	2968
15495	4310
15496	1863
15497	363
15498	1583
15499	630
15500	886
15501	4468
15502	3219
15503	4519
15504	1967
15505	1144
15506	1914
15507	3130
15508	4035
15509	1291
15510	3239
15511	3327
15512	4336
15513	3779
15514	2824
15515	3940
15516	219
15517	2221
15518	3522
15519	542
15520	1792
15521	134
15522	2396
15523	2570
15524	2886
15525	3509
15526	2892
15527	88
15528	3033
15529	4015
15530	154
15531	2410
15532	1061
15533	1895
15534	544
15535	2371
15536	4004
15537	2958
15538	4226
15539	2853
15540	1696
15541	2762
15542	21
15543	3836
15544	1918
15545	843
15546	2087
15547	1488
15548	2350
15549	369
15550	1375
15551	3570
15552	4347
15553	1659
15554	198
15555	1869
15556	3683
15557	3641
15558	638
15559	1773
15560	3616
15561	68
15562	4238
15563	170
15564	1268
15565	71
15566	4344
15567	2506
15568	988
15569	1071
15570	4014
15571	716
15572	2816
15573	3133
15574	3253
15575	3916
15576	3257
15577	539
15578	2829
15579	3986
15580	754
15581	4010
15582	4264
15583	4299
15584	3526
15585	1177
15586	3232
15587	2510
15588	1810
15589	2379
15590	4048
15591	64
15593	3734
15594	4227
15595	4046
15596	3834
15597	3795
15598	2794
15599	4560
15600	2260
15601	3643
15602	1429
15603	2565
15604	4000
15605	3152
15606	1811
15607	4118
15608	2921
15609	1730
15610	2076
15611	1713
15612	3367
15613	307
15614	1216
15615	899
15616	2947
15617	4085
15618	1903
15619	2468
15620	1173
15621	3832
15622	3335
15623	3003
15624	396
15625	4200
15626	640
15627	1364
15628	1348
15629	3725
15630	3590
15631	2458
15632	2941
15633	882
15634	2517
15635	3308
15636	1169
15637	445
15638	3358
15639	42
15640	3505
15641	3126
15642	2627
15643	103
15644	3139
15645	3838
15646	3217
15647	2051
15648	4039
15649	415
15650	2447
15651	3393
15652	4440
15653	2736
15654	4360
15655	604
15656	4239
15657	1897
15658	3565
15659	4573
15660	3223
15661	1599
15662	3028
15663	3291
15664	2029
15665	3471
15666	3406
15667	1302
15668	1963
15669	1542
15670	2834
15671	3716
15672	701
15673	3096
15674	4482
15675	4153
15676	3874
15677	2050
15678	1345
15679	2945
15680	1370
15681	2813
15682	3293
15683	3787
15684	3976
15685	370
15686	2041
15687	276
15688	2851
15689	248
15690	2102
15691	784
15692	1852
15693	748
15694	3017
15695	2954
15696	2836
15697	1987
15698	4465
15699	4155
15700	2935
15701	2942
15702	1602
15703	2883
15704	738
15705	936
15706	4486
15707	3646
15708	1974
15709	346
15710	1020
15711	789
15712	1882
15713	337
15714	2083
15715	3808
15716	2812
15717	902
15718	2180
15719	3990
15720	2490
15721	685
15722	2809
15723	3915
15724	1025
15725	378
15726	906
15727	2184
15728	2567
15729	2699
15730	947
15731	3403
15732	3247
15733	4185
15734	3952
15735	3167
15736	4272
15737	996
15738	556
15739	266
15740	100
15741	4243
15742	1339
15743	1625
15744	2364
15745	2737
15746	2241
15747	1517
15748	2757
15749	4224
15750	4474
15751	697
15752	2112
15753	3451
15754	2306
15755	511
15756	878
15757	1308
15758	152
15759	1341
15760	3050
15761	4362
15762	887
15763	124
15764	2937
15765	1250
15766	1996
15767	3492
15768	662
15769	2392
15770	1424
15771	3667
15772	4343
15773	1626
15774	1273
15775	2146
15776	43
15777	4241
15778	1269
15779	1560
15780	2911
15781	4449
15782	3282
15783	397
15784	126
15785	1758
15786	3132
15787	2932
15788	13
15789	1213
15790	2887
15791	4147
15792	2175
15793	2863
15794	3917
15795	4371
15796	1425
15797	497
15798	3803
15799	2519
15800	963
15801	1590
15802	41
15803	500
15804	3338
15805	4511
15806	2683
15807	2705
15808	1663
15809	1885
15810	2196
15811	3487
15812	4457
15813	981
15814	4361
15815	316
15816	3628
15817	598
15818	2620
15819	3639
15820	4553
15821	1714
15822	3602
15823	3047
15824	2933
15825	149
15826	215
15827	1732
15828	428
15829	4387
15830	309
15831	3123
15832	1468
15833	801
15834	217
15835	1362
15836	260
15837	4388
15838	2194
15839	3726
15840	1901
15841	2865
15842	1850
15843	611
15844	2027
15845	4312
15846	3635
15847	2287
15848	2141
15849	4077
15850	586
15851	2286
15852	1506
15853	225
15854	1648
15855	2528
15856	3379
15857	2733
15858	4515
15859	4269
15860	2583
15861	1859
15862	925
15863	2783
15864	3014
15865	2031
15866	3828
15867	837
15868	2186
15869	1344
15870	590
15871	425
15872	3391
15873	4548
15874	621
15875	3611
15876	1735
15877	2307
15878	1592
15879	235
15880	2538
15881	617
15882	2028
15883	2792
15884	2255
15885	2116
15886	3038
15887	4263
15888	2955
15889	787
15890	3625
15891	2168
15892	1365
15893	2571
15894	4416
15895	2275
15896	528
15897	1652
15898	3502
15899	3851
15900	1112
15901	2761
15902	4500
15903	1289
15904	179
15905	3631
15906	3230
15907	2898
15908	2453
15909	404
15910	254
15911	3006
15912	3079
15913	3894
15914	747
15915	3566
15916	4580
15917	2093
15918	1456
15919	1746
15920	243
15921	223
15922	1702
15923	1693
15924	1114
15925	3394
15926	2231
15927	2450
15928	2086
15929	1832
15930	180
15931	1128
15932	4554
15933	3493
15934	994
15935	907
15936	1293
15937	2882
15938	2884
15939	3209
15940	1606
15941	4304
15942	1096
15943	706
15944	4559
15945	3633
15946	4549
15947	1877
15948	432
15949	1199
15950	1374
15951	3018
15952	1314
15953	3727
15954	576
15955	2247
15956	2763
15957	74
15958	4164
15959	547
15960	1497
15961	4006
15962	3491
15963	3819
15964	251
15965	3449
15966	4472
15967	321
15968	3598
15969	1807
15970	4509
15971	3456
15972	4428
15973	2766
15974	3518
15975	2723
15976	835
15977	1031
15978	4444
15979	3733
15980	3365
15981	2867
15982	2920
15983	3318
15984	2011
15985	2646
15986	3472
15987	3150
15988	3932
15989	38
15990	3233
15991	2078
15992	3334
15993	1638
15994	438
15995	1122
15996	3098
15997	2843
15998	1229
15999	2584
16000	282
16001	245
16002	2770
16003	3413
16004	2223
16005	3265
16006	240
16007	3236
16008	3273
16009	3055
16010	2539
16011	1093
16012	2421
16013	561
16014	3322
16015	3113
16016	3374
16017	664
16018	897
16019	3093
16020	277
16021	3057
16022	2925
16023	2347
16024	2910
16025	1777
16026	467
16027	1724
16028	2515
16029	953
16030	4161
16031	1843
16032	2527
16033	760
16034	655
16035	549
16036	1372
16037	341
16038	2612
16039	545
16040	3524
16041	4116
16042	629
16043	3869
16044	1312
16045	772
16046	4364
16047	2088
16048	2019
16049	2666
1	367
\.


--
-- Data for Name: store; Type: TABLE DATA; Schema: public; Owner: jbedbtdev
--

COPY public.store (store_id) FROM stdin;
1
2
\.


--
-- Name: actor_actor_id_seq; Type: SEQUENCE SET; Schema: public; Owner: jbedbtdev
--

SELECT pg_catalog.setval('public.actor_actor_id_seq', 200, true);


--
-- Name: address_address_id_seq; Type: SEQUENCE SET; Schema: public; Owner: jbedbtdev
--

SELECT pg_catalog.setval('public.address_address_id_seq', 605, true);


--
-- Name: category_category_id_seq; Type: SEQUENCE SET; Schema: public; Owner: jbedbtdev
--

SELECT pg_catalog.setval('public.category_category_id_seq', 16, true);


--
-- Name: city_city_id_seq; Type: SEQUENCE SET; Schema: public; Owner: jbedbtdev
--

SELECT pg_catalog.setval('public.city_city_id_seq', 600, true);


--
-- Name: country_country_id_seq; Type: SEQUENCE SET; Schema: public; Owner: jbedbtdev
--

SELECT pg_catalog.setval('public.country_country_id_seq', 109, true);


--
-- Name: customer_customer_id_seq; Type: SEQUENCE SET; Schema: public; Owner: jbedbtdev
--

SELECT pg_catalog.setval('public.customer_customer_id_seq', 599, true);


--
-- Name: film_film_id_seq; Type: SEQUENCE SET; Schema: public; Owner: jbedbtdev
--

SELECT pg_catalog.setval('public.film_film_id_seq', 1000, true);


--
-- Name: inventory_inventory_id_seq; Type: SEQUENCE SET; Schema: public; Owner: jbedbtdev
--

SELECT pg_catalog.setval('public.inventory_inventory_id_seq', 4581, true);


--
-- Name: language_language_id_seq; Type: SEQUENCE SET; Schema: public; Owner: jbedbtdev
--

SELECT pg_catalog.setval('public.language_language_id_seq', 6, true);


--
-- Name: payment_payment_id_seq; Type: SEQUENCE SET; Schema: public; Owner: jbedbtdev
--

SELECT pg_catalog.setval('public.payment_payment_id_seq', 32098, true);


--
-- Name: rental_rental_id_seq; Type: SEQUENCE SET; Schema: public; Owner: jbedbtdev
--

SELECT pg_catalog.setval('public.rental_rental_id_seq', 16049, true);


--
-- Name: staff_staff_id_seq; Type: SEQUENCE SET; Schema: public; Owner: jbedbtdev
--

SELECT pg_catalog.setval('public.staff_staff_id_seq', 2, true);


--
-- Name: store_store_id_seq; Type: SEQUENCE SET; Schema: public; Owner: jbedbtdev
--

SELECT pg_catalog.setval('public.store_store_id_seq', 2, true);


--
-- Name: film film_pkey; Type: CONSTRAINT; Schema: public; Owner: jbedbtdev
--

ALTER TABLE ONLY public.film
    ADD CONSTRAINT film_pkey PRIMARY KEY (film_id);


--
-- Name: inventory inventory_pkey; Type: CONSTRAINT; Schema: public; Owner: jbedbtdev
--

ALTER TABLE ONLY public.inventory
    ADD CONSTRAINT inventory_pkey PRIMARY KEY (inventory_id);


--
-- Name: rental rental_pkey; Type: CONSTRAINT; Schema: public; Owner: jbedbtdev
--

ALTER TABLE ONLY public.rental
    ADD CONSTRAINT rental_pkey PRIMARY KEY (rental_id);


--
-- Name: store store_pkey; Type: CONSTRAINT; Schema: public; Owner: jbedbtdev
--

ALTER TABLE ONLY public.store
    ADD CONSTRAINT store_pkey PRIMARY KEY (store_id);


--
-- Name: idx_fk_inventory_id; Type: INDEX; Schema: public; Owner: jbedbtdev
--

CREATE INDEX idx_fk_inventory_id ON public.rental USING btree (inventory_id);


--
-- Name: idx_store_id_film_id; Type: INDEX; Schema: public; Owner: jbedbtdev
--

CREATE INDEX idx_store_id_film_id ON public.inventory USING btree (store_id, film_id);


--
-- Name: idx_title; Type: INDEX; Schema: public; Owner: jbedbtdev
--

CREATE INDEX idx_title ON public.film USING btree (title);


--
-- Name: film film_fulltext_trigger; Type: TRIGGER; Schema: public; Owner: jbedbtdev
--

CREATE TRIGGER film_fulltext_trigger BEFORE INSERT OR UPDATE ON public.film FOR EACH ROW EXECUTE FUNCTION tsvector_update_trigger('fulltext', 'pg_catalog.english', 'title', 'description');


--
-- Name: film last_updated; Type: TRIGGER; Schema: public; Owner: jbedbtdev
--

CREATE TRIGGER last_updated BEFORE UPDATE ON public.film FOR EACH ROW EXECUTE FUNCTION public.last_updated();


--
-- Name: inventory last_updated; Type: TRIGGER; Schema: public; Owner: jbedbtdev
--

CREATE TRIGGER last_updated BEFORE UPDATE ON public.inventory FOR EACH ROW EXECUTE FUNCTION public.last_updated();


--
-- Name: rental last_updated; Type: TRIGGER; Schema: public; Owner: jbedbtdev
--

CREATE TRIGGER last_updated BEFORE UPDATE ON public.rental FOR EACH ROW EXECUTE FUNCTION public.last_updated();


--
-- Name: store last_updated; Type: TRIGGER; Schema: public; Owner: jbedbtdev
--

CREATE TRIGGER last_updated BEFORE UPDATE ON public.store FOR EACH ROW EXECUTE FUNCTION public.last_updated();


--
-- Name: inventory inventory_film_id_fkey; Type: FK CONSTRAINT; Schema: public; Owner: jbedbtdev
--

ALTER TABLE ONLY public.inventory
    ADD CONSTRAINT inventory_film_id_fkey FOREIGN KEY (film_id) REFERENCES public.film(film_id) ON UPDATE CASCADE ON DELETE RESTRICT;


--
-- Name: inventory inventory_store_id_fkey; Type: FK CONSTRAINT; Schema: public; Owner: jbedbtdev
--

ALTER TABLE ONLY public.inventory
    ADD CONSTRAINT inventory_store_id_fkey FOREIGN KEY (store_id) REFERENCES public.store(store_id) ON UPDATE CASCADE ON DELETE RESTRICT;


--
-- Name: rental rental_inventory_id_fkey; Type: FK CONSTRAINT; Schema: public; Owner: jbedbtdev
--

ALTER TABLE ONLY public.rental
    ADD CONSTRAINT rental_inventory_id_fkey FOREIGN KEY (inventory_id) REFERENCES public.inventory(inventory_id) ON UPDATE CASCADE ON DELETE RESTRICT;


--
-- PostgreSQL database dump complete
--

